evidence_id,application_slug,framework,control_id,sha256,embedding
aa874427-a984-49bc-befd-35e4ad31b687,mobile-banking,PCI_DSS,PCI-DSS-6.3,2773c02f2a59de78491cb7642d0456da8ef3e87c3a4238930a31736b78484c24,"[0,0,0,0,0,0,0,0,0,0,0,0,0,0,0,0,0,0,0.12216944,0,0,0,0,0,0,0,0,0,0.61084723,0,0,0,0,0,0,0,0,0,0,0,0,0,0,0,0,0,0,0,0,0,0.12216944,0,0,0,0,0,0,0,0,0,0,0,0,0,0,0,0,0,0,0,0,0,0,0,0,0,0,0,0,0.24433888,0,0,-0.12216944,0,0,0,0,0,0,0,0,0,0,0,0,0,0,0,0,0,0,0,0,0,0,0,0,0,0,0,0,0,0,0,0,0,0,0,0,0,0,0,-0.12216944,0,0,0,0,0,0,0,0,0,0.24433888,0,0,0,0,0,0,0,0,0,0,0,0,0,0,0,0.12216944,0,0,0,0,0,0,0,-0.12216944,0,0,0,0,0,0,0,0,0,0,0,0,0,0,0,-0.12216944,0,0,0,0,0,0,0,0,0,0,0,0,0,0,0,0,0,0,0,0,0.12216944,0,0,0,0,0,0,0,0,0,0,0,0,0,0,0,0,0,0,0,0,0,0,0,0,0,0,0,0,0,0,0,0,0,0,0,0.61084723,0,0,0,0,0,0,0,0,0,0,0,0,0,0,0,0,0,0,0,0,0.12216944,0,0,0,0,0]"
da4115cf-7873-4005-8bf5-a561dd623ebc,mobile-banking,ITPP,ITPP-CHG-02,9bafb81e2f356f2234f73ecc2a79d64805080d6fdcc46b7eaddbe09503eb482d,"[0,0,0,0,0,0,0,0,0,0,0,0,0,0,0,0,0,0,0.12909944,0,0,0,0,0,0,0,0,0,0,0,0,0,0,0,0,0,0,0,0,0,0,0,0,0,0,0,0,0,0.38729835,0,0.12909944,0,0,0,0,0,0,0,0,0,0,0,0,0,0,0,0,0,0,0,0,0,0,0,0,0,0,0,0,0.2581989,0,0,-0.12909944,0,0,0,0,0,0,0,0,0,0,0,0,-0.6454972,0,0,0,0,0,0,0,0,0,0,0,0,0,0,0,0,0,0,0,0,0,0,0,0,0,0,-0.12909944,0,0,0,0,0,0,0,0,0,0.2581989,0,0,0,0,0,0,0,0,0,0,0,0,0,0,0,0.12909944,0,0,0,0,0,0,0,-0.12909944,0,0,0,0,0,0,0,0,0,0,0,0,0,0,0,-0.12909944,0,0,0,0,0,0,0,0,0,0,0,0,0,0,0,0,0,0,0,0,0.12909944,0,0,0,0,0,0,0,0,0,0,0,0,0,0,0,0,0,0,0,0,0,0,0,0,0,0,0,0,0,0,0,0,0,0,0,0,0,0,0,0,0,0,0,0,0,0,0.38729835,0,0,0,0,0,0,0,0,0,0.12909944,0,0,0,0,0]"
706bb338-5ab0-4f68-9d01-9f0e66d393eb,net-banking,PCI_DSS,PCI-DSS-6.3,b2317796fb07ba10359280689095700c0c6105aef580ed52c6ec8c42b1990c40,"[0,0,0,0,0,0,0,0,0,0,0,0,0,0,0,-0.12216944,0,0,0.12216944,0,0,0,0,0,0,0,0,0,0.61084723,0,0,0,0,0,0,0,0,0,0,0,0,0,0,0,0,0,0,0,0,0,0.12216944,0,0,0,0,0,0,0,0,0,0,0,0,0,0,0,0,0,0,0,0,0,0,0,0,0,0,0,0,0.24433888,0,0,-0.12216944,0,0,0,0,0,0,0,0,0,0,0,0,0,0,0,0,0,0,0,0,0,0,0,0,0,0,0,0,0,0,0,0,0,0,0,0,0,0,0,-0.12216944,0,0,0,0,0,0,0,0,0,0.24433888,0,0,0,0,0,0,0,0,0,0,0,0,0,0,0,0.12216944,0,0,0,0,0,0,0,-0.12216944,0,0,0,0,0,0,0,0,0,0,0,0,0,0,0,-0.12216944,0,0,0,0,0,0,0,0,0,0,0,0,0,0,0,0,0,0,0,0,0,0,0,0,0,0,0,0,0,0,0,0,0,0,0,0,0,0,0,0,0,0,0,0,0,0,0,0,0,0,0,0,0,0,0,0,0.61084723,0,0,0,0,0,0,0,0,0,0,0,0,0,0,0,0,0,0,0,0,0.12216944,0,0,0,0,0]"
ba379462-2d88-4ffe-9589-ff9eca3f395c,net-banking,ITPP,ITPP-CHG-02,cda45cac5684512c30105080c516a0c3a0bcc91db487cdc091a9bd540a6d6cca,"[0,0,0,0,0,0,0,0,0,0,0,0,0,0,0,-0.12909944,0,0,0.12909944,0,0,0,0,0,0,0,0,0,0,0,0,0,0,0,0,0,0,0,0,0,0,0,0,0,0,0,0,0,0.38729835,0,0.12909944,0,0,0,0,0,0,0,0,0,0,0,0,0,0,0,0,0,0,0,0,0,0,0,0,0,0,0,0,0.2581989,0,0,-0.12909944,0,0,0,0,0,0,0,0,0,0,0,0,-0.6454972,0,0,0,0,0,0,0,0,0,0,0,0,0,0,0,0,0,0,0,0,0,0,0,0,0,0,-0.12909944,0,0,0,0,0,0,0,0,0,0.2581989,0,0,0,0,0,0,0,0,0,0,0,0,0,0,0,0.12909944,0,0,0,0,0,0,0,-0.12909944,0,0,0,0,0,0,0,0,0,0,0,0,0,0,0,-0.12909944,0,0,0,0,0,0,0,0,0,0,0,0,0,0,0,0,0,0,0,0,0,0,0,0,0,0,0,0,0,0,0,0,0,0,0,0,0,0,0,0,0,0,0,0,0,0,0,0,0,0,0,0,0,0,0,0,0,0,0,0,0,0,0,0,0,0,0,0.38729835,0,0,0,0,0,0,0,0,0,0.12909944,0,0,0,0,0]"
365eb377-3c4e-4702-805c-e2964edf7084,payments,PCI_DSS,PCI-DSS-6.3,90f4a5443a1324ef66471a97eb6ed12867eb6105f9d03ee7eb381ce7f234b03c,"[0,0,0,0,0,0,0,0,0,0,0,0,0,0,0,0,0,0,0.12126781,0,0,0,0,0,0,0,0,0,0.60633904,0,0,0,0,0,0,0,0,0,0,0,0,0,0,0,0,0,0,0,0,0,0.12126781,0,0,0,0,0,0,0,0,0,0,0,0,0,0,0,0,0,0,0,0,0,0,0,-0.12126781,0,0,0,0,0.24253562,0,0,-0.12126781,0,0,0,0,0,0,0,0,0,0,0,0,0,0,0,0,0,0,0,0,0,0,0,0,0,0,0,0,0,0,0,0,0,0,0,0,0,0,0,-0.12126781,0,0,0,0,0,0,0,0,0,0.24253562,0,0,0,0,0,0,0,0,0,0,0,0,0,0,0,0.12126781,0,0,0,0,0,0,-0.12126781,-0.12126781,0,0,0,0,0,0,0,0,0,0,0,0,0,0,0,-0.12126781,0,0,0,0,0,0,0,0,0,0,0,0,0,0,0,0,0,0,0,0,0,0,0,0,0,0,0,0,0,0,0,0,0,0,0,0,0,0,0,0,0,0,0,0,0,0,0,0,0,0,0,0,0,0,0,0,0.60633904,0,0,0,0,0,0,0,0,0,0,0,0,0,0,0,0,0,0,0,0,0.12126781,0,0,0,0,0]"
972e9f4a-4155-430e-84e7-4762df5600d7,payments,ITPP,ITPP-CHG-02,e5bd892dbbce1b402003803b1b1a23ce6b592e57f79ef5644086de5542dc8124,"[0,0,0,0,0,0,0,0,0,0,0,0,0,0,0,0,0,0,0.12803689,0,0,0,0,0,0,0,0,0,0,0,0,0,0,0,0,0,0,0,0,0,0,0,0,0,0,0,0,0,0.38411063,0,0.12803689,0,0,0,0,0,0,0,0,0,0,0,0,0,0,0,0,0,0,0,0,0,0,0,-0.12803689,0,0,0,0,0.25607377,0,0,-0.12803689,0,0,0,0,0,0,0,0,0,0,0,0,-0.6401844,0,0,0,0,0,0,0,0,0,0,0,0,0,0,0,0,0,0,0,0,0,0,0,0,0,0,-0.12803689,0,0,0,0,0,0,0,0,0,0.25607377,0,0,0,0,0,0,0,0,0,0,0,0,0,0,0,0.12803689,0,0,0,0,0,0,-0.12803689,-0.12803689,0,0,0,0,0,0,0,0,0,0,0,0,0,0,0,-0.12803689,0,0,0,0,0,0,0,0,0,0,0,0,0,0,0,0,0,0,0,0,0,0,0,0,0,0,0,0,0,0,0,0,0,0,0,0,0,0,0,0,0,0,0,0,0,0,0,0,0,0,0,0,0,0,0,0,0,0,0,0,0,0,0,0,0,0,0,0.38411063,0,0,0,0,0,0,0,0,0,0.12803689,0,0,0,0,0]"
cdea9457-c24f-4e08-b45d-e202aa9490cf,mobile-banking,ITPP,ITPP-INC-01,54c4e03b4883f4cea54a54a8837a16d4fb880bfe7782925293061124802ff493,"[0,0,0,0,0,0,0,0,0,0,0,0,0,0,0,0,0,0,0,0,0,0,0,0,0.13018891,0,0,0,0,0,0,0,0,0,0,0,0,0,0,0,0,0,0,0,0,0,0,0,0,0,0.13018891,0,0,0,0,0,0,0,0,0,0,0,0,0,0,0,0,0,0,0,0,0,0,0,0,0,0,0,0,0.26037782,0,0,-0.13018891,0,0,0,0,0,0,0,0,0,0,0,0,-0.65094453,0,0,0,0,0,0,0,0,0,0,0,0,0,0,0,0,0,0,0,0,0,0,0,0,0,0,-0.13018891,0,0,0,0,0,0,0,0,0.39056674,0,0,0,0,0,0,0,0,-0.26037782,0,0,0,0,0,0,0,0,0,0,0,0,0,0,0,-0.13018891,0,0,0,0,0,0,0,0,0,0,0,0,0,0,0,-0.13018891,0,0,0,0,0,0,0,0,0,0,0,-0.39056674,0,0,0,0,0,0,0,0,0.13018891,0,0,0,0,0,0,0,0,0,0,0,0,0,0,0,0,0,0,0,0,0,0,0,0,0,0,0,0,0,0,0,0,0,0,0,0,0,0,0,0,0,0,0,0,0,0,0,0,0,0,0,0,0,0,0,0,0.13018891,0,0,0,0,0]"
9e6ae6ef-1bcd-47e2-a09e-e72210147dbd,mobile-banking,PCI_DSS,PCI-DSS-12.10,83a4560f72ee065092f6635fa0838d11b18d06a37058131e3a49989c3a3599a5,"[0,0,0,0,0,0,0,0,0,0,0,0,0,0,0,0,0,0,0,0,0,0,0,0,0.10910895,0,0,0,0.54554474,0,0,0,0,0,0,0,0,0,0,0,0,0,0,0,0,0,0,0,0,0,0.10910895,0,0,0,0,0,0,0,0,0,0,0,0,0,0,0,0,0,0,0,0,0,0,0,0,0,0,0,0,0.2182179,0,0,-0.10910895,0,0,0,0,0,0,0,0,0,0,0,0,0,0,0,0,0,0,0,0,0,0,0,0,0,0,0,0,0,0,0,0,0,0,0,0,0,0,0,-0.10910895,0,0,0,0,0,0,0,0,0,0,0,0,0,0,0,0,0,-0.2182179,0,0,0,0,0,0,0,0,0,0,0,0,0,0,0,-0.10910895,0,0,0,0,0,0,0,0,0,0,0,0,0,0,0,-0.10910895,0,0,0,0,0,0,0,0,0,0,0,0,0,0,0,0,0,0,0,0,0.10910895,0,0,0,0,0,0,0,0,0,0,0,0,0,0,0,0,0,0,-0.32732683,0,0,0,0,0,0,0,-0.32732683,0,0,0,0,0,0,0,0,0.54554474,0,0,0,0,0,0,0,0,0,0,0,0,0,0,0,0,0,0,0,0,0.10910895,0,0,0,0,0]"
cdbe3631-b8da-4a58-b0e7-08a4126f8b62,net-banking,ITPP,ITPP-INC-01,c6810c7cc2a8afceb3be8e01795373e9203030b5934f59d211df35e9cab6996a,"[0,0,0,0,0,0,0,0,0,0,0,0,0,0,0,-0.13018891,0,0,0,0,0,0,0,0,0.13018891,0,0,0,0,0,0,0,0,0,0,0,0,0,0,0,0,0,0,0,0,0,0,0,0,0,0.13018891,0,0,0,0,0,0,0,0,0,0,0,0,0,0,0,0,0,0,0,0,0,0,0,0,0,0,0,0,0.26037782,0,0,-0.13018891,0,0,0,0,0,0,0,0,0,0,0,0,-0.65094453,0,0,0,0,0,0,0,0,0,0,0,0,0,0,0,0,0,0,0,0,0,0,0,0,0,0,-0.13018891,0,0,0,0,0,0,0,0,0.39056674,0,0,0,0,0,0,0,0,-0.26037782,0,0,0,0,0,0,0,0,0,0,0,0,0,0,0,-0.13018891,0,0,0,0,0,0,0,0,0,0,0,0,0,0,0,-0.13018891,0,0,0,0,0,0,0,0,0,0,0,-0.39056674,0,0,0,0,0,0,0,0,0,0,0,0,0,0,0,0,0,0,0,0,0,0,0,0,0,0,0,0,0,0,0,0,0,0,0,0,0,0,0,0,0,0,0,0,0,0,0,0,0,0,0,0,0,0,0,0,0,0,0,0,0,0,0,0,0,0.13018891,0,0,0,0,0]"
38644077-e00d-41a7-98bb-a9d101bc849f,net-banking,PCI_DSS,PCI-DSS-12.10,a579056be76093998aadeff079371f846005eca86528d4f0b49d9e0e0ae93864,"[0,0,0,0,0,0,0,0,0,0,0,0,0,0,0,-0.10910895,0,0,0,0,0,0,0,0,0.10910895,0,0,0,0.54554474,0,0,0,0,0,0,0,0,0,0,0,0,0,0,0,0,0,0,0,0,0,0.10910895,0,0,0,0,0,0,0,0,0,0,0,0,0,0,0,0,0,0,0,0,0,0,0,0,0,0,0,0,0.2182179,0,0,-0.10910895,0,0,0,0,0,0,0,0,0,0,0,0,0,0,0,0,0,0,0,0,0,0,0,0,0,0,0,0,0,0,0,0,0,0,0,0,0,0,0,-0.10910895,0,0,0,0,0,0,0,0,0,0,0,0,0,0,0,0,0,-0.2182179,0,0,0,0,0,0,0,0,0,0,0,0,0,0,0,-0.10910895,0,0,0,0,0,0,0,0,0,0,0,0,0,0,0,-0.10910895,0,0,0,0,0,0,0,0,0,0,0,0,0,0,0,0,0,0,0,0,0,0,0,0,0,0,0,0,0,0,0,0,0,0,0,0,0,0,0,-0.32732683,0,0,0,0,0,0,0,-0.32732683,0,0,0,0,0,0,0,0,0.54554474,0,0,0,0,0,0,0,0,0,0,0,0,0,0,0,0,0,0,0,0,0.10910895,0,0,0,0,0]"
07aa4631-c4ed-4e5b-94bf-d5ff336f400d,payments,ITPP,ITPP-INC-01,d578f160235a540b4206726cfc4a13bbf7044ead70c7f93b144c878ddd9bd68e,"[0,0,0,0,0,0,0,0,0,0,0,0,0,0,0,0,0,0,0,0,0,0,0,0,0.12909944,0,0,0,0,0,0,0,0,0,0,0,0,0,0,0,0,0,0,0,0,0,0,0,0,0,0.12909944,0,0,0,0,0,0,0,0,0,0,0,0,0,0,0,0,0,0,0,0,0,0,0,-0.12909944,0,0,0,0,0.2581989,0,0,-0.12909944,0,0,0,0,0,0,0,0,0,0,0,0,-0.6454972,0,0,0,0,0,0,0,0,0,0,0,0,0,0,0,0,0,0,0,0,0,0,0,0,0,0,-0.12909944,0,0,0,0,0,0,0,0,0.38729835,0,0,0,0,0,0,0,0,-0.2581989,0,0,0,0,0,0,0,0,0,0,0,0,0,0,-0.12909944,-0.12909944,0,0,0,0,0,0,0,0,0,0,0,0,0,0,0,-0.12909944,0,0,0,0,0,0,0,0,0,0,0,-0.38729835,0,0,0,0,0,0,0,0,0,0,0,0,0,0,0,0,0,0,0,0,0,0,0,0,0,0,0,0,0,0,0,0,0,0,0,0,0,0,0,0,0,0,0,0,0,0,0,0,0,0,0,0,0,0,0,0,0,0,0,0,0,0,0,0,0,0.12909944,0,0,0,0,0]"
5990cf9e-bc1b-4352-9b79-548058ca979d,payments,PCI_DSS,PCI-DSS-12.10,e71280f49f4d2d261793e829d967f126a11173fb64a2b8542810e35db05ad4e2,"[0,0,0,0,0,0,0,0,0,0,0,0,0,0,0,0,0,0,0,0,0,0,0,0,0.10846523,0,0,0,0.54232615,0,0,0,0,0,0,0,0,0,0,0,0,0,0,0,0,0,0,0,0,0,0.10846523,0,0,0,0,0,0,0,0,0,0,0,0,0,0,0,0,0,0,0,0,0,0,0,-0.10846523,0,0,0,0,0.21693046,0,0,-0.10846523,0,0,0,0,0,0,0,0,0,0,0,0,0,0,0,0,0,0,0,0,0,0,0,0,0,0,0,0,0,0,0,0,0,0,0,0,0,0,0,-0.10846523,0,0,0,0,0,0,0,0,0,0,0,0,0,0,0,0,0,-0.21693046,0,0,0,0,0,0,0,0,0,0,0,0,0,0,-0.10846523,-0.10846523,0,0,0,0,0,0,0,0,0,0,0,0,0,0,0,-0.10846523,0,0,0,0,0,0,0,0,0,0,0,0,0,0,0,0,0,0,0,0,0,0,0,0,0,0,0,0,0,0,0,0,0,0,0,0,0,0,0,-0.32539567,0,0,0,0,0,0,0,-0.32539567,0,0,0,0,0,0,0,0,0.54232615,0,0,0,0,0,0,0,0,0,0,0,0,0,0,0,0,0,0,0,0,0.10846523,0,0,0,0,0]"
08503163-4df3-4439-a520-494e0f52f1d1,mobile-banking,PCI_DSS,PCI-DSS-6.2,2ef8adc1bb290627d018f597a98554a5438b19fb4f1efc3043908e53aa18dcd2,"[0,0,0,0,0,0,0,0,0,0,0,0,0,0,0,0,-0.24433888,0,0,0,0,0,0,0,0,0,0,0,0.61084723,0,0,0,0,0,0,0,0,0,0,0,0,0,0,0,0,0,0,0,0,0,0.12216944,0,0,-0.12216944,0,0,0,0,0,0,0,0,0,0,0,0,0,0,0,0,0,0,0,0,0,0,0,0,0,0.24433888,0,0,-0.12216944,0,0,0,0,0,0,0,0,0,0,0,0,0,0,0,0,0,0,0,0,0,0,0,0,0,0,0,0,0,0,0,0,0,0,0,0.12216944,0,0,0,-0.12216944,0,0,0,0,0,0,0,0,0,0,0,0,0,0,0,0,0,0,0,0,0,0,0,0,0,0,0,0,0,0,0,0,0,-0.12216944,0,0,0,0,0,0,0,0,0,0,0,0,0,0,0,-0.12216944,0,0,0,0,0,0,0,0,0,0,0,0,0,0,0,0,0,0,0,0,0.12216944,0,0,0,0,0,0,0,0,0,0,0,0,0,0,0,0,0,0,0,0,0,0,0,0,0,0,0,0,0,0,0,0,0,0,0,0.61084723,0,0,0,0,0,0,0,0,0,0,0,0,0,0,0,0,0,0,0,0,0.12216944,0,0,0,0,0]"
22accb37-5f4e-4a0b-a9f3-53617b4eb866,mobile-banking,DPSC,DPSC-SDLC-04,49cc556941ea4bd0fbf0525a90908b72953b5fc0a80f346b026dce3c8ec3e61a,"[0,0,0,0,0,0,0,0,0,0,0,0,0,0,0,0,-0.25607377,0,0,0,0,0,0,0,0,0,0,0.38411063,0,0,0,0,0,0,0,0,0,0,0,0,0,0,0,0,0,0,0,0,0,0,0.12803689,0,0,0,0,0,0,0,0,0,0,0,0,0,0,0,0,0,0,0,0,0,0,0,0,0,0,0,0,0.25607377,0,0,-0.12803689,0,0,0,0,-0.12803689,0,0,0,0,0,0,0,0,0,0,0,0,0,0,0,0,0,0,0,0,0,0,0,0,0,0,0,0,0,0,0,0,0,0,-0.12803689,0,0,0,0,0,0,0,0,0,0,0,0,0,0,0,0,0,0,0,0,0,0,0,0,0,0,0,0,0,0,0,0,0,-0.12803689,0,0,0,0,0,0,0,0,0,0,0,0,0,0,0,-0.12803689,0,0,0,0,0,0,0,0,0,0.38411063,0,0,-0.12803689,0,0,0,0,0,0,0,0.12803689,0,0,0,0,0,0,0,0,0,0,0,0,0.12803689,0,0,0,0,0,0,0,0,0,0,0,0,0,0,0,0,0,0,0,0,0,0,0,0,0,0,0,0,0,0,0,0,0,0,0,0,0,0,0,0,0.6401844,0,0,0.12803689,0,0,0,0,0]"
0893584d-d9c6-465f-b989-66ebf3646b6b,net-banking,PCI_DSS,PCI-DSS-6.2,cb76b392669f09c9635744df078441e9594d165635d557dd777b785037cdd0ee,"[0,0,0,0,0,0,0,0,0,0,0,0,0,0,0,-0.12216944,-0.24433888,0,0,0,0,0,0,0,0,0,0,0,0.61084723,0,0,0,0,0,0,0,0,0,0,0,0,0,0,0,0,0,0,0,0,0,0.12216944,0,0,-0.12216944,0,0,0,0,0,0,0,0,0,0,0,0,0,0,0,0,0,0,0,0,0,0,0,0,0,0.24433888,0,0,-0.12216944,0,0,0,0,0,0,0,0,0,0,0,0,0,0,0,0,0,0,0,0,0,0,0,0,0,0,0,0,0,0,0,0,0,0,0,0.12216944,0,0,0,-0.12216944,0,0,0,0,0,0,0,0,0,0,0,0,0,0,0,0,0,0,0,0,0,0,0,0,0,0,0,0,0,0,0,0,0,-0.12216944,0,0,0,0,0,0,0,0,0,0,0,0,0,0,0,-0.12216944,0,0,0,0,0,0,0,0,0,0,0,0,0,0,0,0,0,0,0,0,0,0,0,0,0,0,0,0,0,0,0,0,0,0,0,0,0,0,0,0,0,0,0,0,0,0,0,0,0,0,0,0,0,0,0,0,0.61084723,0,0,0,0,0,0,0,0,0,0,0,0,0,0,0,0,0,0,0,0,0.12216944,0,0,0,0,0]"
44c7112b-8f66-47de-b35a-8063fc6705aa,net-banking,DPSC,DPSC-SDLC-04,a4f5f767500797d964dca264ce04ea877193d59eb864f8ad212fde2d2356dc69,"[0,0,0,0,0,0,0,0,0,0,0,0,0,0,0,-0.12803689,-0.25607377,0,0,0,0,0,0,0,0,0,0,0.38411063,0,0,0,0,0,0,0,0,0,0,0,0,0,0,0,0,0,0,0,0,0,0,0.12803689,0,0,0,0,0,0,0,0,0,0,0,0,0,0,0,0,0,0,0,0,0,0,0,0,0,0,0,0,0.25607377,0,0,-0.12803689,0,0,0,0,-0.12803689,0,0,0,0,0,0,0,0,0,0,0,0,0,0,0,0,0,0,0,0,0,0,0,0,0,0,0,0,0,0,0,0,0,0,-0.12803689,0,0,0,0,0,0,0,0,0,0,0,0,0,0,0,0,0,0,0,0,0,0,0,0,0,0,0,0,0,0,0,0,0,-0.12803689,0,0,0,0,0,0,0,0,0,0,0,0,0,0,0,-0.12803689,0,0,0,0,0,0,0,0,0,0.38411063,0,0,-0.12803689,0,0,0,0,0,0,0,0,0,0,0,0,0,0,0,0,0,0,0,0,0.12803689,0,0,0,0,0,0,0,0,0,0,0,0,0,0,0,0,0,0,0,0,0,0,0,0,0,0,0,0,0,0,0,0,0,0,0,0,0,0,0,0,0.6401844,0,0,0.12803689,0,0,0,0,0]"
8b8788db-33ff-4d72-b3de-512d982cc109,payments,PCI_DSS,PCI-DSS-6.2,7a1fcfe9eabd29ee31d1135314b63e4e10d3678b42b00f0f15e544cfcdcdd19b,"[0,0,0,0,0,0,0,0,0,0,0,0,0,0,0,0,-0.24253562,0,0,0,0,0,0,0,0,0,0,0,0.60633904,0,0,0,0,0,0,0,0,0,0,0,0,0,0,0,0,0,0,0,0,0,0.12126781,0,0,-0.12126781,0,0,0,0,0,0,0,0,0,0,0,0,0,0,0,0,0,0,0,0,-0.12126781,0,0,0,0,0.24253562,0,0,-0.12126781,0,0,0,0,0,0,0,0,0,0,0,0,0,0,0,0,0,0,0,0,0,0,0,0,0,0,0,0,0,0,0,0,0,0,0,0.12126781,0,0,0,-0.12126781,0,0,0,0,0,0,0,0,0,0,0,0,0,0,0,0,0,0,0,0,0,0,0,0,0,0,0,0,0,0,0,0,-0.12126781,-0.12126781,0,0,0,0,0,0,0,0,0,0,0,0,0,0,0,-0.12126781,0,0,0,0,0,0,0,0,0,0,0,0,0,0,0,0,0,0,0,0,0,0,0,0,0,0,0,0,0,0,0,0,0,0,0,0,0,0,0,0,0,0,0,0,0,0,0,0,0,0,0,0,0,0,0,0,0.60633904,0,0,0,0,0,0,0,0,0,0,0,0,0,0,0,0,0,0,0,0,0.12126781,0,0,0,0,0]"
67af9c61-425e-47bb-b2be-b532733e93e2,payments,DPSC,DPSC-SDLC-04,9c2b58d5a0b395a4f5327404cd510f15fb1bd264db417ad502ba9ec9afb57637,"[0,0,0,0,0,0,0,0,0,0,0,0,0,0,0,0,-0.25400025,0,0,0,0,0,0,0,0,0,0,0.38100037,0,0,0,0,0,0,0,0,0,0,0,0,0,0,0,0,0,0,0,0,0,0,0.12700012,0,0,0,0,0,0,0,0,0,0,0,0,0,0,0,0,0,0,0,0,0,0,0,-0.12700012,0,0,0,0,0.25400025,0,0,-0.12700012,0,0,0,0,-0.12700012,0,0,0,0,0,0,0,0,0,0,0,0,0,0,0,0,0,0,0,0,0,0,0,0,0,0,0,0,0,0,0,0,0,0,-0.12700012,0,0,0,0,0,0,0,0,0,0,0,0,0,0,0,0,0,0,0,0,0,0,0,0,0,0,0,0,0,0,0,0,-0.12700012,-0.12700012,0,0,0,0,0,0,0,0,0,0,0,0,0,0,0,-0.12700012,0,0,0,0,0,0,0,0,0,0.38100037,0,0,-0.12700012,0,0,0,0,0,0,0,0,0,0,0,0,0,0,0,0,0,0,0,0,0.12700012,0,0,0,0,0,0,0,0,0,0,0,0,0,0,0,0,0,0,0,0,0,0,0,0,0,0,0,0,0,0,0,0,0,0,0,0,0,0,0,0,0.63500065,0,0,0.12700012,0,0,0,0,0]"
b314b9af-221a-465f-83c8-024f7f10fc8e,mobile-banking,ITPP,ITPP-DOC-03,cb76aa5c6d41735b5ea41222efa1e2e530b86c70be95ed38984bc6ad9187ec08,"[0,0,0,0,0,0,0,0,0,0,0,0,0,0,0,0,0,0,0.13608277,0,0,0,0,0,0,0,0,0,0,0,0,0,0,0,0,0,0,0,0,0,0,0,0,0,0,0,0,0,0,-0.13608277,0.13608277,0,0,0,0,0,0,0,0,0,0,0,0,0,0,0,0,0,0,0,0,0,0,0,0,0,0,0,0,0.27216554,0,0,-0.13608277,0,0.4082483,0,0,0,0,0,0,0,0,0,0,-0.68041384,0,0,0,0,0,0,0,0,0,0,0,0,0,0,0,0,0,0,0,0,0,0,0,0,0,0,-0.13608277,0,0,0,0,0,0,0,0,0,0,0,0,0,0,0,0,0,0,0,0,0,0,0,0,0.27216554,0,0,0,0,0,0,0,0,-0.13608277,0,0,0,0,0,0,0,0,0,0,0,0,0,0,0,-0.13608277,0,0,0,0,0,0,0,0,0,0,0,0,0,0,0,0,0,0,0,0,0.13608277,0,0,0,0,0,0,0,0,0,0,0,0,0,0,0,0,0,0,0,0,0,0,0,0,0,0,0,0,0,0,0,0,0,0,0,0,0,0,0,0,0,0,0,0,0,0,0,0,0,0,0,0,0,0,0,0,-0.27216554,0,0,0,0,0]"
6f1938f7-854a-4996-9387-50ed5bdc1014,mobile-banking,DPSC,DPSC-GOV-01,5c868252c15d0d5c7be2cb9641b6f9d21b7ac4e9544342c201631205f5f9a6a8,"[0,0,0,0,0,0,0,0,0,0,0,0,0,0,0,0,0,0,0.12909944,0,0,0,0,0,0,0,0,0,0,0,0,0,0,0,0,0,0,0,0,0,0,0,0,0,0,0,0,0,0,-0.12909944,0.12909944,0,0,0,0,0,0,0,0,0,0,0,0,0,0,0,0,0,0,0,0,0,0,0,0,0,0,0,0,0.2581989,0,0,-0.12909944,0,0,0,0,0,0,0,0,0,0,0,0,0,0,0,0,0,0,0,0,0,0,0,0,0,0,0,0,0,0,0,0,0,0,0,0,0,0,0,-0.12909944,0,0,0,0,0,0,0,0,0,0,0,0,0,0,0,0,0,0,0,0,0,0,0,0,0.2581989,0,0,0,0,0,0,0,0,-0.12909944,0,0,0,0,0,0,0,0,0,0,0,0,0,0,0,-0.12909944,0,0,0,0,0,0,0,0,0,0,0,-0.38729835,0,0,0,0,0,0,0,0,0.12909944,0,0,0,0,0,0,0,0,0,0,0,0,0,0,0,0,0,0,0,0,0,0,0,0,0,0,0,0,0,0,0,0,0.38729835,0,0,0,0,0,0,0,0,0,0,0,0,0,0,0,0,0,0,0,0,0.6454972,0,0,0.12909944,0,0,0,0,0]"
35925ca2-b400-472a-a382-e5e77bd74a37,net-banking,ITPP,ITPP-DOC-03,32e46f1640258217f30da94de1787da0c1a1c721f64833a0e547ba0687b95a18,"[0,0,0,0,0,0,0,0,0,0,0,0,0,0,0,-0.13608277,0,0,0.13608277,0,0,0,0,0,0,0,0,0,0,0,0,0,0,0,0,0,0,0,0,0,0,0,0,0,0,0,0,0,0,-0.13608277,0.13608277,0,0,0,0,0,0,0,0,0,0,0,0,0,0,0,0,0,0,0,0,0,0,0,0,0,0,0,0,0.27216554,0,0,-0.13608277,0,0.4082483,0,0,0,0,0,0,0,0,0,0,-0.68041384,0,0,0,0,0,0,0,0,0,0,0,0,0,0,0,0,0,0,0,0,0,0,0,0,0,0,-0.13608277,0,0,0,0,0,0,0,0,0,0,0,0,0,0,0,0,0,0,0,0,0,0,0,0,0.27216554,0,0,0,0,0,0,0,0,-0.13608277,0,0,0,0,0,0,0,0,0,0,0,0,0,0,0,-0.13608277,0,0,0,0,0,0,0,0,0,0,0,0,0,0,0,0,0,0,0,0,0,0,0,0,0,0,0,0,0,0,0,0,0,0,0,0,0,0,0,0,0,0,0,0,0,0,0,0,0,0,0,0,0,0,0,0,0,0,0,0,0,0,0,0,0,0,0,0,0,0,0,0,0,0,0,0,0,-0.27216554,0,0,0,0,0]"
de7eb90d-c2f4-4fe5-aba9-417874abbbf1,net-banking,DPSC,DPSC-GOV-01,190a3693a422184a1a4ef5f2c4e38c52c530ba4987ce5e43b6f034ba1851c428,"[0,0,0,0,0,0,0,0,0,0,0,0,0,0,0,-0.12909944,0,0,0.12909944,0,0,0,0,0,0,0,0,0,0,0,0,0,0,0,0,0,0,0,0,0,0,0,0,0,0,0,0,0,0,-0.12909944,0.12909944,0,0,0,0,0,0,0,0,0,0,0,0,0,0,0,0,0,0,0,0,0,0,0,0,0,0,0,0,0.2581989,0,0,-0.12909944,0,0,0,0,0,0,0,0,0,0,0,0,0,0,0,0,0,0,0,0,0,0,0,0,0,0,0,0,0,0,0,0,0,0,0,0,0,0,0,-0.12909944,0,0,0,0,0,0,0,0,0,0,0,0,0,0,0,0,0,0,0,0,0,0,0,0,0.2581989,0,0,0,0,0,0,0,0,-0.12909944,0,0,0,0,0,0,0,0,0,0,0,0,0,0,0,-0.12909944,0,0,0,0,0,0,0,0,0,0,0,-0.38729835,0,0,0,0,0,0,0,0,0,0,0,0,0,0,0,0,0,0,0,0,0,0,0,0,0,0,0,0,0,0,0,0,0,0,0,0,0,0,0,0,0,0.38729835,0,0,0,0,0,0,0,0,0,0,0,0,0,0,0,0,0,0,0,0,0.6454972,0,0,0.12909944,0,0,0,0,0]"
11cc537a-3b42-41d5-b685-776611a944a9,payments,ITPP,ITPP-DOC-03,cc56f053e9a450ecbce075356598973f07665cd1cd51705d0cb6cb6e54218361,"[0,0,0,0,0,0,0,0,0,0,0,0,0,0,0,0,0,0,0.13483997,0,0,0,0,0,0,0,0,0,0,0,0,0,0,0,0,0,0,0,0,0,0,0,0,0,0,0,0,0,0,-0.13483997,0.13483997,0,0,0,0,0,0,0,0,0,0,0,0,0,0,0,0,0,0,0,0,0,0,0,-0.13483997,0,0,0,0,0.26967993,0,0,-0.13483997,0,0.40451992,0,0,0,0,0,0,0,0,0,0,-0.6741999,0,0,0,0,0,0,0,0,0,0,0,0,0,0,0,0,0,0,0,0,0,0,0,0,0,0,-0.13483997,0,0,0,0,0,0,0,0,0,0,0,0,0,0,0,0,0,0,0,0,0,0,0,0,0.26967993,0,0,0,0,0,0,0,-0.13483997,-0.13483997,0,0,0,0,0,0,0,0,0,0,0,0,0,0,0,-0.13483997,0,0,0,0,0,0,0,0,0,0,0,0,0,0,0,0,0,0,0,0,0,0,0,0,0,0,0,0,0,0,0,0,0,0,0,0,0,0,0,0,0,0,0,0,0,0,0,0,0,0,0,0,0,0,0,0,0,0,0,0,0,0,0,0,0,0,0,0,0,0,0,0,0,0,0,0,0,-0.26967993,0,0,0,0,0]"
90e7c2d6-8555-4a1b-b3b7-f46daeac5c42,payments,DPSC,DPSC-GOV-01,67ff45ef7176065db585a5a6af69cda94f96058687f7711466b98566f9546eac,"[0,0,0,0,0,0,0,0,0,0,0,0,0,0,0,0,0,0,0.12803689,0,0,0,0,0,0,0,0,0,0,0,0,0,0,0,0,0,0,0,0,0,0,0,0,0,0,0,0,0,0,-0.12803689,0.12803689,0,0,0,0,0,0,0,0,0,0,0,0,0,0,0,0,0,0,0,0,0,0,0,-0.12803689,0,0,0,0,0.25607377,0,0,-0.12803689,0,0,0,0,0,0,0,0,0,0,0,0,0,0,0,0,0,0,0,0,0,0,0,0,0,0,0,0,0,0,0,0,0,0,0,0,0,0,0,-0.12803689,0,0,0,0,0,0,0,0,0,0,0,0,0,0,0,0,0,0,0,0,0,0,0,0,0.25607377,0,0,0,0,0,0,0,-0.12803689,-0.12803689,0,0,0,0,0,0,0,0,0,0,0,0,0,0,0,-0.12803689,0,0,0,0,0,0,0,0,0,0,0,-0.38411063,0,0,0,0,0,0,0,0,0,0,0,0,0,0,0,0,0,0,0,0,0,0,0,0,0,0,0,0,0,0,0,0,0,0,0,0,0,0,0,0,0,0.38411063,0,0,0,0,0,0,0,0,0,0,0,0,0,0,0,0,0,0,0,0,0.6401844,0,0,0.12803689,0,0,0,0,0]"
33f841b1-ffb3-4909-99a7-745bb13fbde5,mobile-banking,PCI_DSS,DB-TLS-IN-TRANSIT,475580fadf954fb9ace4ece30b9c4ee3b5e0f8bf0839249392c6f2c9ce4ed60b,"[0,0,0,0,0,0,0,0,0,0,0,0,0,0,0,0,0,0,0,0,0,0,0,0,0,0,0,0,0.29559878,0,-0.19706586,0,0,0,0,0,0,0.39413172,0,0,0,0,0,0,0,0,0,0,0.09853293,0,0.19706586,0,0,0,0,0,0,0,0,0,0,0.09853293,0,0,0,0,0,0,0,0,0,0,0,0,0,0,0,0,0,0,0,-0.39413172,-0.09853293,0,0,0,0,0,0,0,0,0,0,0,0,0,0,0,0,0,0,0,0,-0.29559878,0,0,0,0,0,0,0,0,0,0,0,0,0,0,0,0,-0.09853293,0,0,0,0,0,-0.29559878,0,0,0,0,0,0,0,0,0,0,0,0,0,0,0,0,0,0,0,0,0,0,0,0,0,0,0,0,0.09853293,0,0,0,0,0,0,0,0,0.09853293,0,0,0,0,0,0,0,-0.19706586,0.09853293,0,0,-0.19706586,0,0,0,0.09853293,0,0,0,-0.09853293,0,0,0,0,0,0,0,-0.09853293,0.09853293,0,0,0,0,0,0,0,0,0,0,0,0,0,0,0,0,0,0,0,0,0,0,0,0,0,0,0,0,0,0,0,0,0,0,0,0.29559878,0,0,0,0,0,0,0,0,0.09853293,0,-0.19706586,0,0,0,0,0,0,-0.09853293,0,0,0.09853293,0,0,-0.09853293,0,0]"
d586bbc8-c18c-4abc-95ea-b0dfa53e3778,mobile-banking,PCI_DSS,DB-AUDIT-LOGGING,13895ef0fd3efb72373b8a9fbfc78b61cf2c74fb91ca044f86900cb120dfe0af,"[0,0,0,0,0,0,0,0,0,0,0,0,0,0,0,0,0,0,0,0,0,0,0,0,0,0,0,0,0.3354102,0,-0.2236068,0,0,0,0,0,0,0.4472136,0,0,0,0,0,0,0,0,0,0,0.1118034,0,0.2236068,0,0,0,0,-0.3354102,0,0,0,0,0,0.1118034,0,0,0,0,0,0,0,0,0,0,0,0,0,0,0,0,0,0,0,0,-0.1118034,0,0,0,0,0,0,0,0,0,0,0,0,0,0,0,0,0,0,0,0,0,0,0,0,0,0,0,0,0,0,0,0,0,0,0,-0.1118034,0,-0.1118034,0,0,0,0,0,0,0,0,0,0,0,0,0,0,0,0,0,0,0,0,0,0,0,0,0,0,0,0,0,0,0,-0.3354102,0,0,0.1118034,0,0.1118034,0,0,0,0,0,0,0.1118034,0,0,0,0,0,0,0,-0.1118034,0.1118034,0,0,-0.1118034,0,0,0,0.1118034,0,0,0,0,0,0,0,0,0,0,0,-0.1118034,0.1118034,0,0,0,0,-0.1118034,0,0,0,0,0,0,0,0,0,0,0,0,0,0,0,0,0,0,0,0,0,0,0,0,0,0,0,0,0,0,0.3354102,0,0,0,0,0,0,0,0,0.1118034,0,-0.1118034,0,0,0,0,0,0,-0.1118034,0,0,0.1118034,0,0,-0.1118034,0,0]"
60493c6d-ed57-4814-a0c0-dadded2a203a,mobile-banking,C-SITE,DB-PASSWORD-STORAGE,e9145c7212c290d025777184fef09273c26f8f0918d40acf1cc2acabb65fd66d,"[0,0,0,0,-0.3234983,0,0,0,0,0,0,0,0,0,0,0,0,0,0,0,0,0,0,0,0,0,0,0,0,0,0,0,0,0,0,0,0,0.4313311,0,0,0,0,0,0,0,0,0,0,0.107832775,0,0.21566555,0,0,0,0,0,0,0,0,0,0,0.107832775,0,0,0,0,0,0,0,0,0,0.21566555,-0.4313311,0,0,0,0,0,0,0,0,0,-0.107832775,0,0,0,0,0,0,0,0,0,-0.107832775,0,0,-0.3234983,0,0,0,0,0,0,0,0,0,0,0,0,0,0,0,0,0,0,0,0,0,0,0,0,-0.107832775,0,0,0,0,0,0,0,0,0,0,0,0,0,0,0,0,0,0,0,0,0,0,0,0,0,0,0,0,0,0,0,0,0,0,0.107832775,0,0,0,0,0,0,0,0,0.107832775,0,0,0,0,0,0,0,-0.107832775,0.107832775,0,0,-0.107832775,0,0,0,0.107832775,0,0,0,0,0,0,0,0,0,0,0,-0.107832775,0.107832775,0,0,0,0,0,0,0,0,0,0,0,0.107832775,0,0,0,0,0,0,0,0,0,0,0,0,0,0,0,0,0,0,0,0,0,0,0,0,0,0,0,0,-0.21566555,0,0,0,0.107832775,0,-0.21566555,0,0,0,0,0.21566555,0,0,0,0,0,0,0,-0.107832775,0,0]"
154869f5-aa53-4e63-802c-d0793ab4b115,mobile-banking,C-SITE,DB-AUTH-NO-TRUST,e789114133c72da1c255f4bedf85dd6eff14ac41a3e5f2a2182c0a9890504a11,"[0,0,0,0,-0.29704428,0,0,0,0,0,0,0,0,0,0,0,0,0,0,0,0,0,0,0,0,0,0,0,0,0,0,0,0,0,0,0,0,0.396059,0,0,0,-0.396059,0,0,0,0,0,0,0.09901475,0,0.1980295,0,0,0,0,0,0,0,0,0,0,0.09901475,0,0,0,0,0,0,0,0,0,0,0,0,0,0,0,0,0,0,0,0,-0.09901475,0,0,0,0,0,0,0,0,0,0,0,0,0,0,0,0,0,0,0,0,-0.09901475,0,0,0,0,0,0,0,0,0,0,0,0,0,0,0,0,-0.09901475,0,0,0,0,0,0,0,0,0,0,0,0,0,0,0,0,0,0,0,0,0,0,0,0,0,0,0,0,0,0,0,0,0,0,0.09901475,0.396059,0,0,0,0,0,0,0,0.09901475,0,0,-0.09901475,0,0,0,0,-0.09901475,0.09901475,0,0,-0.09901475,0,0,0,0.09901475,0,0.09901475,0,0,0,0,0,0,0,0,0,-0.1980295,0.09901475,0,0,0,0,0,0,0,0,0,0,0,0,0,0,0,0,0,0,0,0,0,0,0,0,0,0,0,0,0,0,0,0,0.396059,0,0,0,0,0,0,0,0,0,0,0,0.09901475,0,-0.1980295,0,0,0,0,0,0,0,0,0,0.09901475,0,0,-0.09901475,0,0]"
dff27414-a888-4d1e-81ee-87f381e27621,net-banking,PCI_DSS,DB-TLS-IN-TRANSIT,20bfd386394c847d921199a34e88b4cc3cb13ebf3e8ba9c6c3c383f9d995a510,"[0,0,0,0,0,0,0,0,0,0,0,0,0,0,0,-0.09853293,0,0,0,0,0,0,0,0,0,0,0,0,0.29559878,0,-0.19706586,0,0,0,0,0,0,0.39413172,0,0,0,0,0,0,0,0,0,0,0.09853293,0,0.19706586,0,0,0,0,0,0,0,0,0,0,0.09853293,0,0,0,0,0,0,0,0,0,0,0,0,0,0,0,0,0,0,0,-0.39413172,-0.09853293,0,0,0,0,0,0,0,0,0,0,0,0,0,0,0,0,0,0,0,0,-0.29559878,0,0,0,0,0,0,0,0,0,0,0,0,0,0,0,0,-0.09853293,0,0,0,0,0,-0.29559878,0,0,0,0,0,0,0,0,0,0,0,0,0,0,0,0,0,0,0,0,0,0,0,0,0,0,0,0,0.09853293,0,0,0,0,0,0,0,0,0.09853293,0,0,0,0,0,0,0,-0.19706586,0.09853293,0,0,-0.19706586,0,0,0,0.09853293,0,0,0,-0.09853293,0,0,0,0,0,0,0,-0.09853293,0,0,0,0,0,0,0,0,0,0,0,0,0,0,0,0,0,0,0,0,0,0,0,0,0,0,0,0,0,0,0,0,0,0,0,0,0.29559878,0,0,0,0,0,0,0,0,0.09853293,0,-0.19706586,0,0,0,0,0,0,-0.09853293,0,0,0.09853293,0,0,-0.09853293,0,0]"
19f49f12-662f-47fb-adea-85bd0e9333c0,net-banking,PCI_DSS,DB-AUDIT-LOGGING,5eac50333691bba0749e81593f990aafd3d57b4263ed2ea28a14f7a73263d727,"[0,0,0,0,0,0,0,0,0,0,0,0,0,0,0,-0.1118034,0,0,0,0,0,0,0,0,0,0,0,0,0.3354102,0,-0.2236068,0,0,0,0,0,0,0.4472136,0,0,0,0,0,0,0,0,0,0,0.1118034,0,0.2236068,0,0,0,0,-0.3354102,0,0,0,0,0,0.1118034,0,0,0,0,0,0,0,0,0,0,0,0,0,0,0,0,0,0,0,0,-0.1118034,0,0,0,0,0,0,0,0,0,0,0,0,0,0,0,0,0,0,0,0,0,0,0,0,0,0,0,0,0,0,0,0,0,0,0,-0.1118034,0,-0.1118034,0,0,0,0,0,0,0,0,0,0,0,0,0,0,0,0,0,0,0,0,0,0,0,0,0,0,0,0,0,0,0,-0.3354102,0,0,0.1118034,0,0.1118034,0,0,0,0,0,0,0.1118034,0,0,0,0,0,0,0,-0.1118034,0.1118034,0,0,-0.1118034,0,0,0,0.1118034,0,0,0,0,0,0,0,0,0,0,0,-0.1118034,0,0,0,0,0,-0.1118034,0,0,0,0,0,0,0,0,0,0,0,0,0,0,0,0,0,0,0,0,0,0,0,0,0,0,0,0,0,0,0.3354102,0,0,0,0,0,0,0,0,0.1118034,0,-0.1118034,0,0,0,0,0,0,-0.1118034,0,0,0.1118034,0,0,-0.1118034,0,0]"
1d34b71e-7828-495b-a53a-fa428c3d9b50,net-banking,C-SITE,DB-PASSWORD-STORAGE,e403a32d91e8b38d1689c494aad1c9dd181a590aa9c13d22b98f2f87e4f29572,"[0,0,0,0,-0.3234983,0,0,0,0,0,0,0,0,0,0,-0.107832775,0,0,0,0,0,0,0,0,0,0,0,0,0,0,0,0,0,0,0,0,0,0.4313311,0,0,0,0,0,0,0,0,0,0,0.107832775,0,0.21566555,0,0,0,0,0,0,0,0,0,0,0.107832775,0,0,0,0,0,0,0,0,0,0.21566555,-0.4313311,0,0,0,0,0,0,0,0,0,-0.107832775,0,0,0,0,0,0,0,0,0,-0.107832775,0,0,-0.3234983,0,0,0,0,0,0,0,0,0,0,0,0,0,0,0,0,0,0,0,0,0,0,0,0,-0.107832775,0,0,0,0,0,0,0,0,0,0,0,0,0,0,0,0,0,0,0,0,0,0,0,0,0,0,0,0,0,0,0,0,0,0,0.107832775,0,0,0,0,0,0,0,0,0.107832775,0,0,0,0,0,0,0,-0.107832775,0.107832775,0,0,-0.107832775,0,0,0,0.107832775,0,0,0,0,0,0,0,0,0,0,0,-0.107832775,0,0,0,0,0,0,0,0,0,0,0,0,0.107832775,0,0,0,0,0,0,0,0,0,0,0,0,0,0,0,0,0,0,0,0,0,0,0,0,0,0,0,0,-0.21566555,0,0,0,0.107832775,0,-0.21566555,0,0,0,0,0.21566555,0,0,0,0,0,0,0,-0.107832775,0,0]"
7d67a95b-1bb5-49fe-bbb4-a831f3cd819b,net-banking,C-SITE,DB-AUTH-NO-TRUST,12d01d9a516c6921e4e72d7ca41d28095b575d02df31efdf64431f895398dcdf,"[0,0,0,0,-0.29704428,0,0,0,0,0,0,0,0,0,0,-0.09901475,0,0,0,0,0,0,0,0,0,0,0,0,0,0,0,0,0,0,0,0,0,0.396059,0,0,0,-0.396059,0,0,0,0,0,0,0.09901475,0,0.1980295,0,0,0,0,0,0,0,0,0,0,0.09901475,0,0,0,0,0,0,0,0,0,0,0,0,0,0,0,0,0,0,0,0,-0.09901475,0,0,0,0,0,0,0,0,0,0,0,0,0,0,0,0,0,0,0,0,-0.09901475,0,0,0,0,0,0,0,0,0,0,0,0,0,0,0,0,-0.09901475,0,0,0,0,0,0,0,0,0,0,0,0,0,0,0,0,0,0,0,0,0,0,0,0,0,0,0,0,0,0,0,0,0,0,0.09901475,0.396059,0,0,0,0,0,0,0,0.09901475,0,0,-0.09901475,0,0,0,0,-0.09901475,0.09901475,0,0,-0.09901475,0,0,0,0.09901475,0,0.09901475,0,0,0,0,0,0,0,0,0,-0.1980295,0,0,0,0,0,0,0,0,0,0,0,0,0,0,0,0,0,0,0,0,0,0,0,0,0,0,0,0,0,0,0,0,0,0.396059,0,0,0,0,0,0,0,0,0,0,0,0.09901475,0,-0.1980295,0,0,0,0,0,0,0,0,0,0.09901475,0,0,-0.09901475,0,0]"
eb87b9d8-1ccc-4ac1-983c-203ab520be49,payments,PCI_DSS,DB-TLS-IN-TRANSIT,65ec17c4c6ab9bd5ce6e2fa2e07b550649c2fe6f3e9bb9f3644e26d5497ba22e,"[0,0,0,0,0,0,0,0,0,0,0,0,0,0,0,0,0,0,0,0,0,0,0,0,0,0,0,0,0.29704428,0,-0.1980295,0,0,0,0,0,0,0.396059,0,0,0,0,0,0,0,0,0,0,0.09901475,0,0.1980295,0,0,0,0,0,0,0,0,0,0,0.09901475,0,0,0,0,0,0,0,0,0,0,0,0,-0.09901475,0,0,0,0,0,0,-0.396059,-0.09901475,0,0,0,0,0,0,0,0,0,0,0,0,0,0,0,0,0,0,0,0,-0.29704428,0,0,0,0,0,0,0,0,0,0,0,0,0,0,0,0,-0.09901475,0,0,0,0,0,-0.29704428,0,0,0,0,0,0,0,0,0,0,0,0,0,0,0,0,0,0,0,0,0,0,0,0,0,0,0,0,0,0,0,0,0,0,0,0,0,0.09901475,0,0,0,0,0,0,0,-0.1980295,0.09901475,0,0,-0.1980295,0,0,0,0.09901475,0,0,0,-0.09901475,0,0,0,0,0,0,0,-0.09901475,0,0,0,0,0,0,0,0,0,0,0,0,0,0,0,0,0,0,0,0,0,0,0,0,0,0,0,0,0,0,0,0,0,0,0,0,0.29704428,0,0,0,0,0,0,0,0,0.09901475,0,-0.1980295,0,0,0,0,0,0,-0.09901475,0,0,0.09901475,0,0,-0.09901475,0,0]"
fc2cb7a4-c5cb-403a-9bca-2f842a6c855e,payments,PCI_DSS,DB-AUDIT-LOGGING,1dd8ea5f547f2d24c62b9a1a5626cc534ad74f85856761b66205a0d08ea46aab,"[0,0,0,0,0,0,0,0,0,0,0,0,0,0,0,0,0,0,0,0,0,0,0,0,0,0,0,0,0.33752638,0,-0.22501758,0,0,0,0,0,0,0.45003515,0,0,0,0,0,0,0,0,0,0,0.11250879,0,0.22501758,0,0,0,0,-0.33752638,0,0,0,0,0,0.11250879,0,0,0,0,0,0,0,0,0,0,0,0,-0.11250879,0,0,0,0,0,0,0,-0.11250879,0,0,0,0,0,0,0,0,0,0,0,0,0,0,0,0,0,0,0,0,0,0,0,0,0,0,0,0,0,0,0,0,0,0,0,-0.11250879,0,-0.11250879,0,0,0,0,0,0,0,0,0,0,0,0,0,0,0,0,0,0,0,0,0,0,0,0,0,0,0,0,0,0,0,-0.33752638,0,0,0,0,0.11250879,0,0,0,0,0,0,0.11250879,0,0,0,0,0,0,0,-0.11250879,0.11250879,0,0,-0.11250879,0,0,0,0.11250879,0,0,0,0,0,0,0,0,0,0,0,-0.11250879,0,0,0,0,0,-0.11250879,0,0,0,0,0,0,0,0,0,0,0,0,0,0,0,0,0,0,0,0,0,0,0,0,0,0,0,0,0,0,0.33752638,0,0,0,0,0,0,0,0,0.11250879,0,-0.11250879,0,0,0,0,0,0,-0.11250879,0,0,0.11250879,0,0,-0.11250879,0,0]"
717dbe67-1813-4deb-9fbe-aa4c9c25e76b,payments,C-SITE,DB-PASSWORD-STORAGE,e37820414fa5d245537b9d60337e59b8104c3940e79df81844390bd3acf57066,"[0,0,0,0,-0.32539567,0,0,0,0,0,0,0,0,0,0,0,0,0,0,0,0,0,0,0,0,0,0,0,0,0,0,0,0,0,0,0,0,0.43386093,0,0,0,0,0,0,0,0,0,0,0.10846523,0,0.21693046,0,0,0,0,0,0,0,0,0,0,0.10846523,0,0,0,0,0,0,0,0,0,0.21693046,-0.43386093,0,-0.10846523,0,0,0,0,0,0,0,-0.10846523,0,0,0,0,0,0,0,0,0,-0.10846523,0,0,-0.32539567,0,0,0,0,0,0,0,0,0,0,0,0,0,0,0,0,0,0,0,0,0,0,0,0,-0.10846523,0,0,0,0,0,0,0,0,0,0,0,0,0,0,0,0,0,0,0,0,0,0,0,0,0,0,0,0,0,0,0,0,0,0,0,0,0,0,0,0,0,0,0,0.10846523,0,0,0,0,0,0,0,-0.10846523,0.10846523,0,0,-0.10846523,0,0,0,0.10846523,0,0,0,0,0,0,0,0,0,0,0,-0.10846523,0,0,0,0,0,0,0,0,0,0,0,0,0.10846523,0,0,0,0,0,0,0,0,0,0,0,0,0,0,0,0,0,0,0,0,0,0,0,0,0,0,0,0,-0.21693046,0,0,0,0.10846523,0,-0.21693046,0,0,0,0,0.21693046,0,0,0,0,0,0,0,-0.10846523,0,0]"
a88e2031-ebf6-4623-be3d-68f6d42a9686,payments,C-SITE,DB-AUTH-NO-TRUST,0d41509fa14e8c67cffb418318cd2dc1921e8ab9603401d6c5086512542e139d,"[0,0,0,0,-0.29851115,0,0,0,0,0,0,0,0,0,0,0,0,0,0,0,0,0,0,0,0,0,0,0,0,0,0,0,0,0,0,0,0,0.39801487,0,0,0,-0.39801487,0,0,0,0,0,0,0.09950372,0,0.19900744,0,0,0,0,0,0,0,0,0,0,0.09950372,0,0,0,0,0,0,0,0,0,0,0,0,-0.09950372,0,0,0,0,0,0,0,-0.09950372,0,0,0,0,0,0,0,0,0,0,0,0,0,0,0,0,0,0,0,0,-0.09950372,0,0,0,0,0,0,0,0,0,0,0,0,0,0,0,0,-0.09950372,0,0,0,0,0,0,0,0,0,0,0,0,0,0,0,0,0,0,0,0,0,0,0,0,0,0,0,0,0,0,0,0,0,0,0,0.39801487,0,0,0,0,0,0,0,0.09950372,0,0,-0.09950372,0,0,0,0,-0.09950372,0.09950372,0,0,-0.09950372,0,0,0,0.09950372,0,0.09950372,0,0,0,0,0,0,0,0,0,-0.19900744,0,0,0,0,0,0,0,0,0,0,0,0,0,0,0,0,0,0,0,0,0,0,0,0,0,0,0,0,0,0,0,0,0,0.39801487,0,0,0,0,0,0,0,0,0,0,0,0.09950372,0,-0.19900744,0,0,0,0,0,0,0,0,0,0.09950372,0,0,-0.09950372,0,0]"
d6819913-eb69-4a3a-a99f-81864deb04d7,mobile-banking,PCI_DSS,DB-TLS-IN-TRANSIT,bf9f883c2967fc794c52d97e778d5982866e13a34d6acf5eda74b1e259ec1a33,"[0,0,0,0,0,0.19706586,0,0,0,0,0,0,0,0,0,0,0,0,0,0,0,0,0,0,0,0,0,0,0.29559878,0,-0.19706586,0,0,0,0,0,0,0.39413172,0,0,0,0,0,0,0,0,0,0,0.09853293,0,0.19706586,0,0,0,0,0,0,0,0,0,0,0.09853293,0,0,0,0,0,0,0,0,0,0,0,0,0,0,0,0,0,0,0,-0.39413172,-0.09853293,0,0,0,0,0,0,0,0,0,0,0,0,0,0,0,0,-0.09853293,0,0,0,-0.29559878,0.09853293,0,0,0,0,0,0,0,0,0,0,0,0,0,0,0,-0.09853293,0,0,0,0,0,-0.29559878,0,0,0,0,0,0,0,0,0,0,0,0,0,0,0,0,0,0,0,0,0,0,0,0,0,0,0,0,0.09853293,0,0,0,0,0,0,0,0,0.09853293,0,0,0,0,0,0,0,-0.19706586,0.09853293,0,0,-0.09853293,0,0,0,0,0,0,0,-0.09853293,0,0,0,0,0,0,0,0,0.09853293,0,0,0,0,0,0,0,0,0,0,0,0,0,0,0,0,0,0,0,0,0,0,0,0,0,0,0,0,0,0,0,0,0,0,0,0.29559878,0,0,0,0,0,0,0,0,0.09853293,0,-0.19706586,0,0,0,0,0,0,0,0,0,0.09853293,0,0,-0.09853293,0,0]"
8bb92e7a-c759-4353-814e-0a50de49d2db,mobile-banking,PCI_DSS,DB-AUDIT-LOGGING,8e70e6a8752d54d5e14b9d64b316b5ddc8288809ea79caba38a2c397f7408a44,"[0,0,0,0,0,0.20100756,0,0,0,0,0,0,0,0,0,0,0,0,0,0,0,0,0,0,0,0,0,0,0.30151135,0,0,0,0,0,0,0,0,0.40201512,0,0,0,0,0,0,0,0,0,0,0.10050378,0,0.20100756,0,0,0,0,-0.40201512,0,0,0,0,0,0.10050378,0,0,0,0,0,0,0,0,0,0,0,0,0,0,0,0,0,0,0,0,-0.10050378,0,0,0,0,0,0,0,0,0,0,0,0,0,0,0,0,0,0,0,0,0,0.10050378,0,0,0,0,0,0,0,0,0,0,0,0,0,0,0,-0.10050378,0,0,0,0,0,0,0,0,0,0,0,0,0,0,0,0,0,0,0,0,0,0,0,0,0,0,0,0,0,0,0,-0.40201512,0,0,0.10050378,0,0,0,0,0,0,0,0,0.30151135,0,0,0,0,0,0,0,-0.10050378,0.10050378,0,0,-0.10050378,0,0,0,0,0,0,0,0,0,0,0,0,0,0,0,0,0.10050378,0,0,0,0,0,0,0,0,0,0,0,0,0,0,0,0,0,0,0,0,0,0,0,0,0,0,0,0,0,0,0,0.10050378,0,0,0,0.30151135,0,0,0,0,0,0,0,0,0.10050378,0,-0.10050378,0,0,0,0,0,0,-0.10050378,0,0,0.10050378,0,0,-0.10050378,0,0]"
fd0a0ec6-d2d3-4df3-ad8d-0524998dade6,mobile-banking,C-SITE,DB-AUTH-NO-TRUST,0cdd38a0c529488a5e35d1d76688fa23d3ee1da9a9fa0dfa73f60cb396d96ebc,"[0,0,0,0,-0.33129457,0.11043153,0,0,0,0,0,0,0,0,0,0,0,0,0,0,0,0,0,0,0,0,0,0,0,0,0,0,0,0,0,0,0,0.44172612,0,0,0,-0.33129457,0,0,0,0,0,0,0.11043153,0,0.22086306,0,0,0.11043153,0,0,0,0,0,0,0.11043153,0.11043153,0,0,0,0,0,0,0,0,0,0,0,0,0,0,0,0,0,0,0,0,-0.11043153,0,0,0,0,0,0,0,0,0,0,0,0,0,0,0,0,0,0,0,-0.22086306,0,0.11043153,0,0,0,0,0,0,0,0,0,0,0,0,0,0,0,-0.11043153,0,0,0,0,0,0,0,0,0,0,0,0,0,0,0,0,0,0,0,0,0,-0.11043153,0,0,0,0,0,0,0,0,0,0,0,0,0.11043153,0.33129457,0,0,0,0,0,0,0,0.11043153,0,0,0,0,0,0,0,-0.11043153,0.11043153,0,0,-0.11043153,0,0,0,0,0,0,0,0,0,0,0,0,0,0,0,0,0.11043153,0,0,0,0,0,0,0,0,0,0,0,0,0,0,0,0,0,0,0,0,0,0,0,0,0,0,0,0,0,0,0,0,0.33129457,0,0,0,0,0,0,0,0,0,0,0,0.11043153,0,-0.22086306,0,0,0,0,0,-0.11043153,0,0,0,0,0,0,-0.11043153,0,0]"
15e901bf-a292-4dac-8832-8407dda6fda3,net-banking,PCI_DSS,DB-TLS-IN-TRANSIT,328dcecb23b0f087073977be52c4fa3add48bc4f969e686798a13637890ca0a7,"[0,0,0,0,0,0.19706586,0,0,0,0,0,0,0,0,0,-0.09853293,0,0,0,0,0,0,0,0,0,0,0,0,0.29559878,0,-0.19706586,0,0,0,0,0,0,0.39413172,0,0,0,0,0,0,0,0,0,0,0.09853293,0,0.19706586,0,0,0,0,0,0,0,0,0,0,0.09853293,0,0,0,0,0,0,0,0,0,0,0,0,0,0,0,0,0,0,0,-0.39413172,-0.09853293,0,0,0,0,0,0,0,0,0,0,0,0,0,0,0,0,-0.09853293,0,0,0,-0.29559878,0.09853293,0,0,0,0,0,0,0,0,0,0,0,0,0,0,0,-0.09853293,0,0,0,0,0,-0.29559878,0,0,0,0,0,0,0,0,0,0,0,0,0,0,0,0,0,0,0,0,0,0,0,0,0,0,0,0,0.09853293,0,0,0,0,0,0,0,0,0.09853293,0,0,0,0,0,0,0,-0.19706586,0.09853293,0,0,-0.09853293,0,0,0,0,0,0,0,-0.09853293,0,0,0,0,0,0,0,0,0,0,0,0,0,0,0,0,0,0,0,0,0,0,0,0,0,0,0,0,0,0,0,0,0,0,0,0,0,0,0,0,0,0,0,0,0.29559878,0,0,0,0,0,0,0,0,0.09853293,0,-0.19706586,0,0,0,0,0,0,0,0,0,0.09853293,0,0,-0.09853293,0,0]"
f8425bd9-d415-41a5-b188-2a145ae37be1,net-banking,PCI_DSS,DB-AUDIT-LOGGING,fe98f6312f00f5e212bbe58d18b85389b7072c3a4665e8cf0455a6c177431a6c,"[0,0,0,0,0,0.20100756,0,0,0,0,0,0,0,0,0,-0.10050378,0,0,0,0,0,0,0,0,0,0,0,0,0.30151135,0,0,0,0,0,0,0,0,0.40201512,0,0,0,0,0,0,0,0,0,0,0.10050378,0,0.20100756,0,0,0,0,-0.40201512,0,0,0,0,0,0.10050378,0,0,0,0,0,0,0,0,0,0,0,0,0,0,0,0,0,0,0,0,-0.10050378,0,0,0,0,0,0,0,0,0,0,0,0,0,0,0,0,0,0,0,0,0,0.10050378,0,0,0,0,0,0,0,0,0,0,0,0,0,0,0,-0.10050378,0,0,0,0,0,0,0,0,0,0,0,0,0,0,0,0,0,0,0,0,0,0,0,0,0,0,0,0,0,0,0,-0.40201512,0,0,0.10050378,0,0,0,0,0,0,0,0,0.30151135,0,0,0,0,0,0,0,-0.10050378,0.10050378,0,0,-0.10050378,0,0,0,0,0,0,0,0,0,0,0,0,0,0,0,0,0,0,0,0,0,0,0,0,0,0,0,0,0,0,0,0,0,0,0,0,0,0,0,0,0,0,0,0,0,0,0,0,0.10050378,0,0,0,0.30151135,0,0,0,0,0,0,0,0,0.10050378,0,-0.10050378,0,0,0,0,0,0,-0.10050378,0,0,0.10050378,0,0,-0.10050378,0,0]"
ac9c7b9b-7bea-4b50-821f-03b27c7e057f,net-banking,C-SITE,DB-AUTH-NO-TRUST,6d292256726e57fc7daf601f0af79ac51aa96458e58bba63d74022bf888df516,"[0,0,0,0,-0.33129457,0.11043153,0,0,0,0,0,0,0,0,0,-0.11043153,0,0,0,0,0,0,0,0,0,0,0,0,0,0,0,0,0,0,0,0,0,0.44172612,0,0,0,-0.33129457,0,0,0,0,0,0,0.11043153,0,0.22086306,0,0,0.11043153,0,0,0,0,0,0,0.11043153,0.11043153,0,0,0,0,0,0,0,0,0,0,0,0,0,0,0,0,0,0,0,0,-0.11043153,0,0,0,0,0,0,0,0,0,0,0,0,0,0,0,0,0,0,0,-0.22086306,0,0.11043153,0,0,0,0,0,0,0,0,0,0,0,0,0,0,0,-0.11043153,0,0,0,0,0,0,0,0,0,0,0,0,0,0,0,0,0,0,0,0,0,-0.11043153,0,0,0,0,0,0,0,0,0,0,0,0,0.11043153,0.33129457,0,0,0,0,0,0,0,0.11043153,0,0,0,0,0,0,0,-0.11043153,0.11043153,0,0,-0.11043153,0,0,0,0,0,0,0,0,0,0,0,0,0,0,0,0,0,0,0,0,0,0,0,0,0,0,0,0,0,0,0,0,0,0,0,0,0,0,0,0,0,0,0,0,0,0,0,0,0,0.33129457,0,0,0,0,0,0,0,0,0,0,0,0.11043153,0,-0.22086306,0,0,0,0,0,-0.11043153,0,0,0,0,0,0,-0.11043153,0,0]"
1656ab4e-b12f-4683-aad3-5180f950dbdc,payments,PCI_DSS,DB-TLS-IN-TRANSIT,ae8aa79a46022a5f431facdd44bb409f60e876b6ca80895d8d35ddd356e949d2,"[0,0,0,0,0,0.1980295,0,0,0,0,0,0,0,0,0,0,0,0,0,0,0,0,0,0,0,0,0,0,0.29704428,0,-0.1980295,0,0,0,0,0,0,0.396059,0,0,0,0,0,0,0,0,0,0,0.09901475,0,0.1980295,0,0,0,0,0,0,0,0,0,0,0.09901475,0,0,0,0,0,0,0,0,0,0,0,0,-0.09901475,0,0,0,0,0,0,-0.396059,-0.09901475,0,0,0,0,0,0,0,0,0,0,0,0,0,0,0,0,-0.09901475,0,0,0,-0.29704428,0.09901475,0,0,0,0,0,0,0,0,0,0,0,0,0,0,0,-0.09901475,0,0,0,0,0,-0.29704428,0,0,0,0,0,0,0,0,0,0,0,0,0,0,0,0,0,0,0,0,0,0,0,0,0,0,0,0,0,0,0,0,0,0,0,0,0,0.09901475,0,0,0,0,0,0,0,-0.1980295,0.09901475,0,0,-0.09901475,0,0,0,0,0,0,0,-0.09901475,0,0,0,0,0,0,0,0,0,0,0,0,0,0,0,0,0,0,0,0,0,0,0,0,0,0,0,0,0,0,0,0,0,0,0,0,0,0,0,0,0,0,0,0,0.29704428,0,0,0,0,0,0,0,0,0.09901475,0,-0.1980295,0,0,0,0,0,0,0,0,0,0.09901475,0,0,-0.09901475,0,0]"
572cf0b3-4615-461b-9b55-29c5c56c9d9b,payments,PCI_DSS,DB-AUDIT-LOGGING,d0df489a1ae1ee21d43c1480f7ae2acdcc3bfa0027029a6a1c14e488f8986d7d,"[0,0,0,0,0,0.20203051,0,0,0,0,0,0,0,0,0,0,0,0,0,0,0,0,0,0,0,0,0,0,0.30304575,0,0,0,0,0,0,0,0,0.40406102,0,0,0,0,0,0,0,0,0,0,0.101015255,0,0.20203051,0,0,0,0,-0.40406102,0,0,0,0,0,0.101015255,0,0,0,0,0,0,0,0,0,0,0,0,-0.101015255,0,0,0,0,0,0,0,-0.101015255,0,0,0,0,0,0,0,0,0,0,0,0,0,0,0,0,0,0,0,0,0,0.101015255,0,0,0,0,0,0,0,0,0,0,0,0,0,0,0,-0.101015255,0,0,0,0,0,0,0,0,0,0,0,0,0,0,0,0,0,0,0,0,0,0,0,0,0,0,0,0,0,0,0,-0.40406102,0,0,0,0,0,0,0,0,0,0,0,0.30304575,0,0,0,0,0,0,0,-0.101015255,0.101015255,0,0,-0.101015255,0,0,0,0,0,0,0,0,0,0,0,0,0,0,0,0,0,0,0,0,0,0,0,0,0,0,0,0,0,0,0,0,0,0,0,0,0,0,0,0,0,0,0,0,0,0,0,0,0.101015255,0,0,0,0.30304575,0,0,0,0,0,0,0,0,0.101015255,0,-0.101015255,0,0,0,0,0,0,-0.101015255,0,0,0.101015255,0,0,-0.101015255,0,0]"
b696aeb3-a55f-4f0d-9f60-def8f443de10,payments,C-SITE,DB-AUTH-NO-TRUST,a3bbf16c4db47de57b3be607f7d75261399fe4015fb7ace1df22c09819b8d8c0,"[0,0,0,0,-0.33333334,0.11111111,0,0,0,0,0,0,0,0,0,0,0,0,0,0,0,0,0,0,0,0,0,0,0,0,0,0,0,0,0,0,0,0.44444445,0,0,0,-0.33333334,0,0,0,0,0,0,0.11111111,0,0.22222222,0,0,0.11111111,0,0,0,0,0,0,0.11111111,0.11111111,0,0,0,0,0,0,0,0,0,0,0,0,-0.11111111,0,0,0,0,0,0,0,-0.11111111,0,0,0,0,0,0,0,0,0,0,0,0,0,0,0,0,0,0,0,-0.22222222,0,0.11111111,0,0,0,0,0,0,0,0,0,0,0,0,0,0,0,-0.11111111,0,0,0,0,0,0,0,0,0,0,0,0,0,0,0,0,0,0,0,0,0,-0.11111111,0,0,0,0,0,0,0,0,0,0,0,0,0,0.33333334,0,0,0,0,0,0,0,0.11111111,0,0,0,0,0,0,0,-0.11111111,0.11111111,0,0,-0.11111111,0,0,0,0,0,0,0,0,0,0,0,0,0,0,0,0,0,0,0,0,0,0,0,0,0,0,0,0,0,0,0,0,0,0,0,0,0,0,0,0,0,0,0,0,0,0,0,0,0,0.33333334,0,0,0,0,0,0,0,0,0,0,0,0.11111111,0,-0.22222222,0,0,0,0,0,-0.11111111,0,0,0,0,0,0,-0.11111111,0,0]"
a6636d4c-fbf7-4f07-bb05-11d2aa66b256,mobile-banking,PCI_DSS,MW-TLS-VERSION,d4975be8cf3b28eeb3b007ac81a7d969fb648c6e6942c2ae5f63f626bea4fb80,"[0,0,0,0,0,0,0,0,0,0,0,0,0,0,0,0,0,0,0,0,0,0,0,0,0,0,0,0,0.3,0,0,0,0,0,0,0,0,0,0,0.1,0,-0.1,0,0,0,0,0,0,0.1,0,0.2,0,0,0,0,0.2,0,0,0,0,0,0.1,0,0,0,0,0,0,0,0,0,0,0,0,0,0,0,0,0,0,0,-0.5,-0.1,0,0,0,0,0,0,0,0,0,0,0,0,0,0,-0.1,0,0,0,0,0,0,0,0,0,0,0,0,0,0,0,0,0,0,0,0,0,0,-0.1,0,0,0,0,0,0,0,0,0,0,0,0,0,0,0,0,0,0,0,0,0,0,0,0,0,0,0,0,0,0,0,0,0,0,0.1,0,0,0.4,0,0,0,0,0,0.1,0,0,0,0,0,0,0,-0.1,0.1,0,0,0,0.1,0,0,0,0,0,0,-0.1,0,0,0,0,0,0,0,0,0.1,0,0,0,0,0,0,0,0,0,0,0,0,0,0,0,0,0,0,0,0,0,0,0,0,0,0,0,0,0,0,0,0,0,0,0,0.3,0,0,0,0,-0.1,0,0.1,0,0.1,0,-0.2,0,0,0.3,0,0,0,-0.1,0,0,0.1,0,0,-0.1,0,0]"
382c0ad9-6340-490f-8eb2-f618f3c652ba,mobile-banking,C-SITE,MW-BANNER-SUPPRESSION,1edf718538421ebac454136acbd09bbdc87792aad8ddd495c435bb5b93e5662b,"[0,0,0,0,-0.3354102,0,0,0,0,0,0,0,0,0,0,0,0,0,0,0,0,0,0,0,0,0,0,0,0,0,0,0,0,0,0,0,0,0,0,0.1118034,0,0,0,0,0,0,0,0,0.1118034,0,0.2236068,0,0,0,0,0,0,0,0,0,0,0.1118034,0,0,0,0,0,0,0,0.1118034,0,0,0,0,0,0,0,0,0,0,0,0,-0.1118034,0,0,0,0,0,0,0,0,0.1118034,0,0,0,0,0,0,0,0,0,0,-0.2236068,0,0,0,0,0,0,0,0,0,0,0,0,0,0,0,0,0,-0.1118034,0,0,-0.3354102,0,0,0,0,0,0,0,0,0,0,0,0,0,0,0,0,0,0,0,0,0,0,0,0,0,0,0,0,0,0,0,0.1118034,0,0,0.4472136,0,0,0,0,0,0.1118034,0,0,0,0,0,0,0,-0.1118034,0.1118034,0,0,0,0,0,0,0,0,0,0,0,0,0,0,0,0,0,0,0,0.1118034,0,0,0,0,0,0,0,0,0,0,0,-0.2236068,0,0,0,0,0.4472136,0,0,0,0,0,0,0,0,0,0,0,0,0,0,0,0,0,0,0,0,0,0,0,0,0,0.1118034,0,0.1118034,0,-0.1118034,0,0,0.1118034,0,0,0,0,0,0,0.1118034,0,0,-0.1118034,0,0]"
ebb7d389-25a7-49b1-b9a1-96b212e4db71,mobile-banking,DPSC,MW-HSTS,f3843299319b8e1d01c30fd7d5eb8ebad9aa3a978fd81f9a7cd3bd47efc59d03,"[0,0,0,0,0,0,0,0,0,0,0,0,0,0,0,0,0,0,0,0,0,0,0,0,0,0,0,0,0,0,0,0,0,0,0,0,0,0,0,0.120385855,0,0,0,0,0,0,0,0,0.120385855,0,0.24077171,0,0,0,0,0,0,0,0,0,0,0.120385855,0,0,0,0,0,0,0,0,0,0,0,0,0,0,0,0,0,0,0,0,-0.120385855,0,0,0,0,0,0,0,0,0,0,0,0,0,0,0,0,0,0,0,0,0,0,0,0,0,0,0,0,0,0,0,0,0,0,0,0.48154342,0,-0.120385855,0,0,0,0,0,-0.24077171,0,0,0,0.120385855,0,-0.120385855,0,0,0,0,0,0,0,0,0,0,0,0,0,0,0,0,0,0,0,0,0,0,0.120385855,0,0,0.48154342,0,0,0,0,0,0.120385855,0,0,0,0,0,0,0,-0.120385855,0.120385855,0,0,0,0,0,-0.120385855,0,0,0,0,0,0,0,0,0,0,0,0,0,0.120385855,0,0,0,0,0,0,0,0,0,0,0,0,0,0,0,0,0,0,0,0,0,0,0,0,0,0,0,0,0,0,0,0,0,0,0,0,0,0,0,0,0,0,0.120385855,0,0.120385855,0,-0.24077171,0,0,0,0,0,0,0.36115757,0,0,0,0,0,-0.120385855,0,0]"
615b0052-cd73-49a2-9552-cdf410b2f6e4,net-banking,PCI_DSS,MW-TLS-VERSION,3ed65603c5abe308fb20b34f4ebd2d03b05bb8642c6b6000003b2dca47a63e25,"[0,0,0,0,0,0,0,0,0,0,0,0,0,0,0,-0.1,0,0,0,0,0,0,0,0,0,0,0,0,0.3,0,0,0,0,0,0,0,0,0,0,0.1,0,-0.1,0,0,0,0,0,0,0.1,0,0.2,0,0,0,0,0.2,0,0,0,0,0,0.1,0,0,0,0,0,0,0,0,0,0,0,0,0,0,0,0,0,0,0,-0.5,-0.1,0,0,0,0,0,0,0,0,0,0,0,0,0,0,-0.1,0,0,0,0,0,0,0,0,0,0,0,0,0,0,0,0,0,0,0,0,0,0,-0.1,0,0,0,0,0,0,0,0,0,0,0,0,0,0,0,0,0,0,0,0,0,0,0,0,0,0,0,0,0,0,0,0,0,0,0.1,0,0,0.4,0,0,0,0,0,0.1,0,0,0,0,0,0,0,-0.1,0.1,0,0,0,0.1,0,0,0,0,0,0,-0.1,0,0,0,0,0,0,0,0,0,0,0,0,0,0,0,0,0,0,0,0,0,0,0,0,0,0,0,0,0,0,0,0,0,0,0,0,0,0,0,0,0,0,0,0,0.3,0,0,0,0,-0.1,0,0.1,0,0.1,0,-0.2,0,0,0.3,0,0,0,-0.1,0,0,0.1,0,0,-0.1,0,0]"
63417c84-e619-4587-b778-839790a53707,net-banking,C-SITE,MW-BANNER-SUPPRESSION,98ef97151bd5ff7a539488edc1949214cfed573e9b637f93d2a9d7d8ff5f594e,"[0,0,0,0,-0.3354102,0,0,0,0,0,0,0,0,0,0,-0.1118034,0,0,0,0,0,0,0,0,0,0,0,0,0,0,0,0,0,0,0,0,0,0,0,0.1118034,0,0,0,0,0,0,0,0,0.1118034,0,0.2236068,0,0,0,0,0,0,0,0,0,0,0.1118034,0,0,0,0,0,0,0,0.1118034,0,0,0,0,0,0,0,0,0,0,0,0,-0.1118034,0,0,0,0,0,0,0,0,0.1118034,0,0,0,0,0,0,0,0,0,0,-0.2236068,0,0,0,0,0,0,0,0,0,0,0,0,0,0,0,0,0,-0.1118034,0,0,-0.3354102,0,0,0,0,0,0,0,0,0,0,0,0,0,0,0,0,0,0,0,0,0,0,0,0,0,0,0,0,0,0,0,0.1118034,0,0,0.4472136,0,0,0,0,0,0.1118034,0,0,0,0,0,0,0,-0.1118034,0.1118034,0,0,0,0,0,0,0,0,0,0,0,0,0,0,0,0,0,0,0,0,0,0,0,0,0,0,0,0,0,0,0,-0.2236068,0,0,0,0,0.4472136,0,0,0,0,0,0,0,0,0,0,0,0,0,0,0,0,0,0,0,0,0,0,0,0,0,0.1118034,0,0.1118034,0,-0.1118034,0,0,0.1118034,0,0,0,0,0,0,0.1118034,0,0,-0.1118034,0,0]"
6dd5c5df-5ec0-40de-b515-728017b3d9c6,net-banking,DPSC,MW-HSTS,e2695ff8586707597839f534c1548daad70b6cc8d888610b6ac4946e591d04a7,"[0,0,0,0,0,0,0,0,0,0,0,0,0,0,0,-0.120385855,0,0,0,0,0,0,0,0,0,0,0,0,0,0,0,0,0,0,0,0,0,0,0,0.120385855,0,0,0,0,0,0,0,0,0.120385855,0,0.24077171,0,0,0,0,0,0,0,0,0,0,0.120385855,0,0,0,0,0,0,0,0,0,0,0,0,0,0,0,0,0,0,0,0,-0.120385855,0,0,0,0,0,0,0,0,0,0,0,0,0,0,0,0,0,0,0,0,0,0,0,0,0,0,0,0,0,0,0,0,0,0,0,0.48154342,0,-0.120385855,0,0,0,0,0,-0.24077171,0,0,0,0.120385855,0,-0.120385855,0,0,0,0,0,0,0,0,0,0,0,0,0,0,0,0,0,0,0,0,0,0,0.120385855,0,0,0.48154342,0,0,0,0,0,0.120385855,0,0,0,0,0,0,0,-0.120385855,0.120385855,0,0,0,0,0,-0.120385855,0,0,0,0,0,0,0,0,0,0,0,0,0,0,0,0,0,0,0,0,0,0,0,0,0,0,0,0,0,0,0,0,0,0,0,0,0,0,0,0,0,0,0,0,0,0,0,0,0,0,0,0,0,0,0,0,0.120385855,0,0.120385855,0,-0.24077171,0,0,0,0,0,0,0.36115757,0,0,0,0,0,-0.120385855,0,0]"
d3512a2a-96fb-41d5-8637-72f23466f19c,payments,PCI_DSS,MW-TLS-VERSION,46138b664abb1f33c33451a5019f97e248a51b08b0300ed6a9fb8fa012ef82b1,"[0,0,0,0,0,0,0,0,0,0,0,0,0,0,0,0,0,0,0,0,0,0,0,0,0,0,0,0,0.30151135,0,0,0,0,0,0,0,0,0,0,0.10050378,0,-0.10050378,0,0,0,0,0,0,0.10050378,0,0.20100756,0,0,0,0,0.20100756,0,0,0,0,0,0.10050378,0,0,0,0,0,0,0,0,0,0,0,0,-0.10050378,0,0,0,0,0,0,-0.5025189,-0.10050378,0,0,0,0,0,0,0,0,0,0,0,0,0,0,-0.10050378,0,0,0,0,0,0,0,0,0,0,0,0,0,0,0,0,0,0,0,0,0,0,-0.10050378,0,0,0,0,0,0,0,0,0,0,0,0,0,0,0,0,0,0,0,0,0,0,0,0,0,0,0,0,0,0,0,0,0,0,0,0,0,0.40201512,0,0,0,0,0,0.10050378,0,0,0,0,0,0,0,-0.10050378,0.10050378,0,0,0,0.10050378,0,0,0,0,0,0,-0.10050378,0,0,0,0,0,0,0,0,0,0,0,0,0,0,0,0,0,0,0,0,0,0,0,0,0,0,0,0,0,0,0,0,0,0,0,0,0,0,0,0,0,0,0,0,0.30151135,0,0,0,0,-0.10050378,0,0.10050378,0,0.10050378,0,-0.20100756,0,0,0.30151135,0,0,0,-0.10050378,0,0,0.10050378,0,0,-0.10050378,0,0]"
44d0b72d-25db-480b-b421-8370bfe8280d,payments,C-SITE,MW-BANNER-SUPPRESSION,69eaaa6100649fec3dc94a09140f588bc92bbf9f5888ceea448f6296edeea47b,"[0,0,0,0,-0.33752638,0,0,0,0,0,0,0,0,0,0,0,0,0,0,0,0,0,0,0,0,0,0,0,0,0,0,0,0,0,0,0,0,0,0,0.11250879,0,0,0,0,0,0,0,0,0.11250879,0,0.22501758,0,0,0,0,0,0,0,0,0,0,0.11250879,0,0,0,0,0,0,0,0.11250879,0,0,0,0,-0.11250879,0,0,0,0,0,0,0,-0.11250879,0,0,0,0,0,0,0,0,0.11250879,0,0,0,0,0,0,0,0,0,0,-0.22501758,0,0,0,0,0,0,0,0,0,0,0,0,0,0,0,0,0,-0.11250879,0,0,-0.33752638,0,0,0,0,0,0,0,0,0,0,0,0,0,0,0,0,0,0,0,0,0,0,0,0,0,0,0,0,0,0,0,0,0,0,0.45003515,0,0,0,0,0,0.11250879,0,0,0,0,0,0,0,-0.11250879,0.11250879,0,0,0,0,0,0,0,0,0,0,0,0,0,0,0,0,0,0,0,0,0,0,0,0,0,0,0,0,0,0,0,-0.22501758,0,0,0,0,0.45003515,0,0,0,0,0,0,0,0,0,0,0,0,0,0,0,0,0,0,0,0,0,0,0,0,0,0.11250879,0,0.11250879,0,-0.11250879,0,0,0.11250879,0,0,0,0,0,0,0.11250879,0,0,-0.11250879,0,0]"
969a6bf7-793c-448b-8c77-db4d07e15828,payments,DPSC,MW-HSTS,030a1693b889f8d79fd217f29f302f8fcfa151409df31273888e66d5f52d7e85,"[0,0,0,0,0,0,0,0,0,0,0,0,0,0,0,0,0,0,0,0,0,0,0,0,0,0,0,0,0,0,0,0,0,0,0,0,0,0,0,0.12126781,0,0,0,0,0,0,0,0,0.12126781,0,0.24253562,0,0,0,0,0,0,0,0,0,0,0.12126781,0,0,0,0,0,0,0,0,0,0,0,0,-0.12126781,0,0,0,0,0,0,0,-0.12126781,0,0,0,0,0,0,0,0,0,0,0,0,0,0,0,0,0,0,0,0,0,0,0,0,0,0,0,0,0,0,0,0,0,0,0,0.48507124,0,-0.12126781,0,0,0,0,0,-0.24253562,0,0,0,0.12126781,0,-0.12126781,0,0,0,0,0,0,0,0,0,0,0,0,0,0,0,0,0,0,0,0,0,0,0,0,0,0.48507124,0,0,0,0,0,0.12126781,0,0,0,0,0,0,0,-0.12126781,0.12126781,0,0,0,0,0,-0.12126781,0,0,0,0,0,0,0,0,0,0,0,0,0,0,0,0,0,0,0,0,0,0,0,0,0,0,0,0,0,0,0,0,0,0,0,0,0,0,0,0,0,0,0,0,0,0,0,0,0,0,0,0,0,0,0,0,0.12126781,0,0.12126781,0,-0.24253562,0,0,0,0,0,0,0.36380345,0,0,0,0,0,-0.12126781,0,0]"
1d47a2c9-ac3b-48ba-85a4-e2821a423638,mobile-banking,PCI_DSS,MW-TLS-VERSION,fa08d84232f4a20d90b9f1be3ee152440c8095ec59916781f2f7438b164c1221,"[0,0,0,0,0,0,0,0,0,0,0,0,0,0,0,0,0,0,0.1,0,0,0,0,0,0,0,0,0,0.3,0,0,0,0,0,0,0,0,0,0,0.1,0,-0.1,0,0,0,0,0,0,0.1,0,0.2,0,0,0,0,0.2,0,0,0,0,0,0.1,0,0,0,0,0,0,0,0,0,0,0,0,0,0,0,0,0,0,0,-0.5,-0.1,0,0,0,0,0,0,0,0,0,0,0,0,0,0,-0.1,0,0,0,0,0,0,0,0,0,0,0,0,0,0,0,0,0,0,0,0,0,0,-0.1,0,0,0,0,0,0,0,0,0,0,0,0,0,0,0,0,0,0,0,0,0,0,0,0,0,0,0,0,0,0,0,0,0,0,0.1,0,0,0.4,0,0,0,0,0,0.1,0,0,0,0,0,0,0,-0.1,0.1,0,0,0,0.1,0,0,0,0,0,0,-0.1,0,0,0,0,0,0,0,0,0.1,0,0,0,0,0,0,0,0,0,0,0,0,0,0,0,0,0,0,0,0,0,0,0,0,0,0,0,0,0,0,0,0,0,0,0,0.3,0,0,0,0,-0.1,0,0,0,0.1,0,-0.2,0,0,0.3,0,0,0,-0.1,0,0,0.1,0,0,-0.1,0,0]"
18f6cd13-33c5-48ba-97d0-fb813cf2f012,mobile-banking,C-SITE,MW-AUTODEPLOY,08291f3515799bef745bba6286182248bf981e66dd575d9522555e4da98ca2e9,"[0,0,0,0,-0.3721042,0,0,0,0,0,0,0,0,0,0,0,0,0,0.12403473,0,0,0,-0.12403473,0,0,0,0,0,0,0,0,0,0,0,0,0,0,0,0,0.12403473,0,0,0,0,0,0,0,0,0.12403473,0,0.24806947,0,0,0,0,0,0,0,0,0,0.12403473,0.12403473,0,0,0,0,0,0,0,0,0,0,0,0,0,0,0,0,0,0,0,0,-0.12403473,0,0,-0.12403473,0,0,0,0,0,0,0,0,0,0,-0.12403473,0,0,0,0,0,0,0,0,0,0,0,0,0,0,0,0,0,0,0,0,0,0,0,-0.12403473,0,0,0,0,0,0,0,0,0,0,0,0,0,0,0,0,0,0,0,0,0,0,0,0,0,0,0,0,0,0,0,0,0,0.3721042,0.12403473,0,0,0.49613893,0,0,0,0,0,0.12403473,0,0,0,0,0,0,0,-0.12403473,0.12403473,0,0,0,0,0,0,0,0,0.12403473,0,0,0,0,0,0,0,0,0,0,0.12403473,0,0,0,0,0,0,0,0,0,0,0,0,0,0,0,0,0,0,0,0,0,0,0,0,0,0,0,0,0,0,0,0,0,0,0,0,0,0,0,0,0,0,0,0,0.12403473,0,-0.24806947,-0.24806947,0,0,0,0,0,0,0,0,0.12403473,0,0,-0.12403473,0,0]"
6270eb08-4b1b-4e20-b3a6-53c7bce632d2,net-banking,PCI_DSS,MW-TLS-VERSION,1a3076e2061b5f1f9a5b8ab155afe30820f20ce27385f5dec4241578bf392cc0,"[0,0,0,0,0,0,0,0,0,0,0,0,0,0,0,-0.1,0,0,0.1,0,0,0,0,0,0,0,0,0,0.3,0,0,0,0,0,0,0,0,0,0,0.1,0,-0.1,0,0,0,0,0,0,0.1,0,0.2,0,0,0,0,0.2,0,0,0,0,0,0.1,0,0,0,0,0,0,0,0,0,0,0,0,0,0,0,0,0,0,0,-0.5,-0.1,0,0,0,0,0,0,0,0,0,0,0,0,0,0,-0.1,0,0,0,0,0,0,0,0,0,0,0,0,0,0,0,0,0,0,0,0,0,0,-0.1,0,0,0,0,0,0,0,0,0,0,0,0,0,0,0,0,0,0,0,0,0,0,0,0,0,0,0,0,0,0,0,0,0,0,0.1,0,0,0.4,0,0,0,0,0,0.1,0,0,0,0,0,0,0,-0.1,0.1,0,0,0,0.1,0,0,0,0,0,0,-0.1,0,0,0,0,0,0,0,0,0,0,0,0,0,0,0,0,0,0,0,0,0,0,0,0,0,0,0,0,0,0,0,0,0,0,0,0,0,0,0,0,0,0,0,0,0.3,0,0,0,0,-0.1,0,0,0,0.1,0,-0.2,0,0,0.3,0,0,0,-0.1,0,0,0.1,0,0,-0.1,0,0]"
1f9748a9-c49b-4bdb-8d5c-5d15957abec2,net-banking,C-SITE,MW-AUTODEPLOY,582873f51d979c92fa3137fd5f1196398fc0cba8c91ad0d534701ad6a4a1b84d,"[0,0,0,0,-0.3721042,0,0,0,0,0,0,0,0,0,0,-0.12403473,0,0,0.12403473,0,0,0,-0.12403473,0,0,0,0,0,0,0,0,0,0,0,0,0,0,0,0,0.12403473,0,0,0,0,0,0,0,0,0.12403473,0,0.24806947,0,0,0,0,0,0,0,0,0,0.12403473,0.12403473,0,0,0,0,0,0,0,0,0,0,0,0,0,0,0,0,0,0,0,0,-0.12403473,0,0,-0.12403473,0,0,0,0,0,0,0,0,0,0,-0.12403473,0,0,0,0,0,0,0,0,0,0,0,0,0,0,0,0,0,0,0,0,0,0,0,-0.12403473,0,0,0,0,0,0,0,0,0,0,0,0,0,0,0,0,0,0,0,0,0,0,0,0,0,0,0,0,0,0,0,0,0,0.3721042,0.12403473,0,0,0.49613893,0,0,0,0,0,0.12403473,0,0,0,0,0,0,0,-0.12403473,0.12403473,0,0,0,0,0,0,0,0,0.12403473,0,0,0,0,0,0,0,0,0,0,0,0,0,0,0,0,0,0,0,0,0,0,0,0,0,0,0,0,0,0,0,0,0,0,0,0,0,0,0,0,0,0,0,0,0,0,0,0,0,0,0,0,0,0,0,0.12403473,0,-0.24806947,-0.24806947,0,0,0,0,0,0,0,0,0.12403473,0,0,-0.12403473,0,0]"
91f83fd1-1427-44f5-8add-fc73f32eba8c,payments,PCI_DSS,MW-TLS-VERSION,e9fb758674261183544c5a32ef0a8363b34dba3e1a49afca89d624720d3a62e9,"[0,0,0,0,0,0,0,0,0,0,0,0,0,0,0,0,0,0,0.10050378,0,0,0,0,0,0,0,0,0,0.30151135,0,0,0,0,0,0,0,0,0,0,0.10050378,0,-0.10050378,0,0,0,0,0,0,0.10050378,0,0.20100756,0,0,0,0,0.20100756,0,0,0,0,0,0.10050378,0,0,0,0,0,0,0,0,0,0,0,0,-0.10050378,0,0,0,0,0,0,-0.5025189,-0.10050378,0,0,0,0,0,0,0,0,0,0,0,0,0,0,-0.10050378,0,0,0,0,0,0,0,0,0,0,0,0,0,0,0,0,0,0,0,0,0,0,-0.10050378,0,0,0,0,0,0,0,0,0,0,0,0,0,0,0,0,0,0,0,0,0,0,0,0,0,0,0,0,0,0,0,0,0,0,0,0,0,0.40201512,0,0,0,0,0,0.10050378,0,0,0,0,0,0,0,-0.10050378,0.10050378,0,0,0,0.10050378,0,0,0,0,0,0,-0.10050378,0,0,0,0,0,0,0,0,0,0,0,0,0,0,0,0,0,0,0,0,0,0,0,0,0,0,0,0,0,0,0,0,0,0,0,0,0,0,0,0,0,0,0,0,0.30151135,0,0,0,0,-0.10050378,0,0,0,0.10050378,0,-0.20100756,0,0,0.30151135,0,0,0,-0.10050378,0,0,0.10050378,0,0,-0.10050378,0,0]"
aa03f2b3-85a6-41da-9ffc-bb0d39d8ac0d,payments,C-SITE,MW-AUTODEPLOY,f8395725c7a0c065475c27e9276e960be97cb747cb9ae53354508890b269e4e1,"[0,0,0,0,-0.375,0,0,0,0,0,0,0,0,0,0,0,0,0,0.125,0,0,0,-0.125,0,0,0,0,0,0,0,0,0,0,0,0,0,0,0,0,0.125,0,0,0,0,0,0,0,0,0.125,0,0.25,0,0,0,0,0,0,0,0,0,0.125,0.125,0,0,0,0,0,0,0,0,0,0,0,0,-0.125,0,0,0,0,0,0,0,-0.125,0,0,-0.125,0,0,0,0,0,0,0,0,0,0,-0.125,0,0,0,0,0,0,0,0,0,0,0,0,0,0,0,0,0,0,0,0,0,0,0,-0.125,0,0,0,0,0,0,0,0,0,0,0,0,0,0,0,0,0,0,0,0,0,0,0,0,0,0,0,0,0,0,0,0,0,0.375,0,0,0,0.5,0,0,0,0,0,0.125,0,0,0,0,0,0,0,-0.125,0.125,0,0,0,0,0,0,0,0,0.125,0,0,0,0,0,0,0,0,0,0,0,0,0,0,0,0,0,0,0,0,0,0,0,0,0,0,0,0,0,0,0,0,0,0,0,0,0,0,0,0,0,0,0,0,0,0,0,0,0,0,0,0,0,0,0,0.125,0,-0.25,-0.25,0,0,0,0,0,0,0,0,0.125,0,0,-0.125,0,0]"
e3e977f6-e0d0-4dc1-bad3-423e234f0aeb,mobile-banking,ITPP,ITPP-DOC-03,de22cbdd31e125e5ba13f2a8eafa1f4cdd6a034d3bfbab708dbef04fa01ae21a,"[0,0,0,0,0,0,0,0,0,0,0,0,0,0,0,0,0,0,0.14142136,0,0,0,0,0,0,0,0,0,0,0,0,0,0,0,0,-0.14142136,0,0,0,0,0,0,0,0,0,0,0,0,0,0,0.14142136,0,0,0,0,0,0,0,0,0,0,0,0,0,0,0,0,0,0,0,0,0,0,0,0,0,0,0,0,0,0,0,-0.14142136,0,0.42426407,0,0,0,0,0,0,0,0,0,0,-0.70710677,0,0,0,0,0,0,0,0,0,0,0,0,0,0,0,0,0,0,0,0,0,0,0,0,0,0,-0.14142136,0,0,0,0,0,0,0,0,0,0,0,0,0,0,0,0,0,0,0,0,0,0,0,0,0,0,0,0,0,0,0,0,0,-0.14142136,0,0,0,0,0,0,0,0,0,0,0,0,0,0,0,-0.14142136,0,0,0,0,0,0,0,0,0,0,0,0,0,0,0,0,0,0,0,0,0.14142136,0,0,0,0,0,0,0,0,0,0,0,0,0,0,0,0,0,0,0,0,0,0,0,0,-0.28284273,0,0,0,0,0,0,0,0,0,0,0,0,0,0,0,0,0,0,0,0,0,0,0,0,0,0,0,0,0,0,0,-0.28284273,0,0,0,0,0]"
16c556cb-912c-47fd-9b88-012154b3f209,mobile-banking,DPSC,DPSC-GOV-01,bc4e083f805371f91c1f4547da0c882942adec5fe1c445a953c32f206c2985d8,"[0,0,0,0,0,0,0,0,0,0,0,0,0,0,0,0,0,0,0,0,0,0,0,0,0,0,0,0,0,0,0,0,0,0,0.13363062,0,0,0,0,0,0,0,0,0,0,0,0,0,0,0,0.13363062,0,0,0,0,0,0,0,0,0,0,0,0,0,0,0,0,0,0,0,0,0,0,0,0,0,0,0,0,0,0,0,-0.13363062,0,0,0,0,0,0,0,0,0,0,0,0,0,0,0,0,0,0,0,0,0,0,0,0,0,0,0,0,0,0,0,0,0,0,0,0,0,0,0,-0.13363062,0,0,0,0,0,0,0,0,0,0,0,0,0,0,0,0,0,0,0,0,0,0,0,0,0,0,0,0,0,0,0,0,0,-0.13363062,0,0,0,0,0,0,0,0,0,0,0,0,0,0,0,-0.13363062,0,0,0,0,0,0,0,0,0,0,0,-0.40089187,0,0,0,0,0,0,0,0,0.13363062,0,0,0,0,0,0,0,0,0,0,0,0,0,0,0,0,0,0,0,0,0,0,0,0,-0.26726124,0,0,0,0,0,0,0,0.40089187,0,0,0,0,0,0,0,0,0,0,0,0,0,0,0,0,0,-0.13363062,0,0,0.6681531,0,0,0.13363062,0,0,0,0,0]"
3c9ee2e0-4947-4fc4-9e29-1f53d6948b42,mobile-banking,PCI_DSS,PCI-DSS-12.1,7cfd86fa87064817435d64b0aee1ca005670575cf6a60e30f9f71daab1bed2d8,"[0,0,0,0,0,0,0,0,0,0,0,0,0,0,0,0,0,0,0.11785113,0,0,0,0,0,0,0,0,0,0.58925563,0,0,0,0,0,0,0,0,0,0,0,0,0,0,0,0,0,0,0,0,0,0.11785113,0,0,0,0,0,0,0,0,0,0.11785113,0,0,0,0,0,0,0,0,0,0,0,0,0,0,0,0,0,0,0,0,0,-0.11785113,0,0,0,0,0,0,0,0,0,0,0,0,0,0,0,0,0,0,0,0,0,0,0,0,0,0,0,0,0,0,0,0,0,0,0,0,0,0,0,-0.11785113,0,0,0,0,0,0,0,0,0,0,0,0,0,0,0,0,0,0,0,0,0,0,0,0,0,0,0,0,0,0,0,0,0,-0.11785113,0,0,0,0,0,0,0,0,0,0,0,0,0,0,0,-0.11785113,0,0,0,0,0,0,0,0,0,0,0,0,0,0,0,0,0,0,0,0,0.11785113,0,0,0,0,0,0,0,0,0,0,0,0,0,0,0,0,0,0,-0.35355338,0,0,0,0,0,-0.23570226,0,0,0,0,0,0,0,0,0,0,0.58925563,0,0,0,0,0,0,0,0,0,0,0,0,0,0,0,0,0,0,0,0,0.11785113,0,0,0,0,0]"
a9824ca4-8a46-499f-9af6-b47cb18c4b01,net-banking,ITPP,ITPP-DOC-03,1a454add48792217177475af23ffddaf1b2cb102a4167679cb685edbae95c0db,"[0,0,0,0,0,0,0,0,0,0,0,0,0,0,0,-0.14142136,0,0,0.14142136,0,0,0,0,0,0,0,0,0,0,0,0,0,0,0,0,-0.14142136,0,0,0,0,0,0,0,0,0,0,0,0,0,0,0.14142136,0,0,0,0,0,0,0,0,0,0,0,0,0,0,0,0,0,0,0,0,0,0,0,0,0,0,0,0,0,0,0,-0.14142136,0,0.42426407,0,0,0,0,0,0,0,0,0,0,-0.70710677,0,0,0,0,0,0,0,0,0,0,0,0,0,0,0,0,0,0,0,0,0,0,0,0,0,0,-0.14142136,0,0,0,0,0,0,0,0,0,0,0,0,0,0,0,0,0,0,0,0,0,0,0,0,0,0,0,0,0,0,0,0,0,-0.14142136,0,0,0,0,0,0,0,0,0,0,0,0,0,0,0,-0.14142136,0,0,0,0,0,0,0,0,0,0,0,0,0,0,0,0,0,0,0,0,0,0,0,0,0,0,0,0,0,0,0,0,0,0,0,0,0,0,0,0,0,0,0,0,0,-0.28284273,0,0,0,0,0,0,0,0,0,0,0,0,0,0,0,0,0,0,0,0,0,0,0,0,0,0,0,0,0,0,0,-0.28284273,0,0,0,0,0]"
3af04800-b6ee-49ae-94d4-013e79b92d9b,net-banking,DPSC,DPSC-GOV-01,2711b9c6b79378aed13d1cb8e35c5d0508799be5141ce7ab1abd52770f8f470c,"[0,0,0,0,0,0,0,0,0,0,0,0,0,0,0,-0.13363062,0,0,0,0,0,0,0,0,0,0,0,0,0,0,0,0,0,0,0.13363062,0,0,0,0,0,0,0,0,0,0,0,0,0,0,0,0.13363062,0,0,0,0,0,0,0,0,0,0,0,0,0,0,0,0,0,0,0,0,0,0,0,0,0,0,0,0,0,0,0,-0.13363062,0,0,0,0,0,0,0,0,0,0,0,0,0,0,0,0,0,0,0,0,0,0,0,0,0,0,0,0,0,0,0,0,0,0,0,0,0,0,0,-0.13363062,0,0,0,0,0,0,0,0,0,0,0,0,0,0,0,0,0,0,0,0,0,0,0,0,0,0,0,0,0,0,0,0,0,-0.13363062,0,0,0,0,0,0,0,0,0,0,0,0,0,0,0,-0.13363062,0,0,0,0,0,0,0,0,0,0,0,-0.40089187,0,0,0,0,0,0,0,0,0,0,0,0,0,0,0,0,0,0,0,0,0,0,0,0,0,0,0,0,0,0,0,0,0,-0.26726124,0,0,0,0,0,0,0,0.40089187,0,0,0,0,0,0,0,0,0,0,0,0,0,0,0,0,0,-0.13363062,0,0,0.6681531,0,0,0.13363062,0,0,0,0,0]"
59c2b33b-6d86-4ba5-b0fa-7ceb805e9e43,net-banking,PCI_DSS,PCI-DSS-12.1,728624ae0d33cd76a2beb57d5b84110c3b1e710f19ae877a823c95b7175bb122,"[0,0,0,0,0,0,0,0,0,0,0,0,0,0,0,-0.11785113,0,0,0.11785113,0,0,0,0,0,0,0,0,0,0.58925563,0,0,0,0,0,0,0,0,0,0,0,0,0,0,0,0,0,0,0,0,0,0.11785113,0,0,0,0,0,0,0,0,0,0.11785113,0,0,0,0,0,0,0,0,0,0,0,0,0,0,0,0,0,0,0,0,0,-0.11785113,0,0,0,0,0,0,0,0,0,0,0,0,0,0,0,0,0,0,0,0,0,0,0,0,0,0,0,0,0,0,0,0,0,0,0,0,0,0,0,-0.11785113,0,0,0,0,0,0,0,0,0,0,0,0,0,0,0,0,0,0,0,0,0,0,0,0,0,0,0,0,0,0,0,0,0,-0.11785113,0,0,0,0,0,0,0,0,0,0,0,0,0,0,0,-0.11785113,0,0,0,0,0,0,0,0,0,0,0,0,0,0,0,0,0,0,0,0,0,0,0,0,0,0,0,0,0,0,0,0,0,0,0,0,0,0,0,-0.35355338,0,0,0,0,0,-0.23570226,0,0,0,0,0,0,0,0,0,0,0.58925563,0,0,0,0,0,0,0,0,0,0,0,0,0,0,0,0,0,0,0,0,0.11785113,0,0,0,0,0]"
a4285001-9905-44ea-840d-b79eebc71612,payments,ITPP,ITPP-DOC-03,d6c3f9b7700024fdc75009fca7d15399eba184946b7b49fd000386b6d35aba7d,"[0,0,0,0,0,0,0,0,0,0,0,0,0,0,0,0,0,0,0.14002801,0,0,0,0,0,0,0,0,0,0,0,0,0,0,0,0,-0.14002801,0,0,0,0,0,0,0,0,0,0,0,0,0,0,0.14002801,0,0,0,0,0,0,0,0,0,0,0,0,0,0,0,0,0,0,0,0,0,0,0,-0.14002801,0,0,0,0,0,0,0,-0.14002801,0,0.42008403,0,0,0,0,0,0,0,0,0,0,-0.70014006,0,0,0,0,0,0,0,0,0,0,0,0,0,0,0,0,0,0,0,0,0,0,0,0,0,0,-0.14002801,0,0,0,0,0,0,0,0,0,0,0,0,0,0,0,0,0,0,0,0,0,0,0,0,0,0,0,0,0,0,0,0,-0.14002801,-0.14002801,0,0,0,0,0,0,0,0,0,0,0,0,0,0,0,-0.14002801,0,0,0,0,0,0,0,0,0,0,0,0,0,0,0,0,0,0,0,0,0,0,0,0,0,0,0,0,0,0,0,0,0,0,0,0,0,0,0,0,0,0,0,0,0,-0.28005603,0,0,0,0,0,0,0,0,0,0,0,0,0,0,0,0,0,0,0,0,0,0,0,0,0,0,0,0,0,0,0,-0.28005603,0,0,0,0,0]"
1f0bd65a-7f2e-4313-a126-aa4af23250c1,payments,DPSC,DPSC-GOV-01,c36d58f806c41f9db8c6a6f26a2354b3c5237cafd24b9f061b236f67f313c73e,"[0,0,0,0,0,0,0,0,0,0,0,0,0,0,0,0,0,0,0,0,0,0,0,0,0,0,0,0,0,0,0,0,0,0,0.13245323,0,0,0,0,0,0,0,0,0,0,0,0,0,0,0,0.13245323,0,0,0,0,0,0,0,0,0,0,0,0,0,0,0,0,0,0,0,0,0,0,0,-0.13245323,0,0,0,0,0,0,0,-0.13245323,0,0,0,0,0,0,0,0,0,0,0,0,0,0,0,0,0,0,0,0,0,0,0,0,0,0,0,0,0,0,0,0,0,0,0,0,0,0,0,-0.13245323,0,0,0,0,0,0,0,0,0,0,0,0,0,0,0,0,0,0,0,0,0,0,0,0,0,0,0,0,0,0,0,0,-0.13245323,-0.13245323,0,0,0,0,0,0,0,0,0,0,0,0,0,0,0,-0.13245323,0,0,0,0,0,0,0,0,0,0,0,-0.3973597,0,0,0,0,0,0,0,0,0,0,0,0,0,0,0,0,0,0,0,0,0,0,0,0,0,0,0,0,0,0,0,0,0,-0.26490647,0,0,0,0,0,0,0,0.3973597,0,0,0,0,0,0,0,0,0,0,0,0,0,0,0,0,0,-0.13245323,0,0,0.6622662,0,0,0.13245323,0,0,0,0,0]"
85baeaa6-9578-4a8c-aaee-f947a4be3a8d,payments,PCI_DSS,PCI-DSS-12.1,6c8adaba94e5667844f6ec0fd0f6e3969b7572b061dd1ea1519806d18449408b,"[0,0,0,0,0,0,0,0,0,0,0,0,0,0,0,0,0,0,0.11704115,0,0,0,0,0,0,0,0,0,0.58520573,0,0,0,0,0,0,0,0,0,0,0,0,0,0,0,0,0,0,0,0,0,0.11704115,0,0,0,0,0,0,0,0,0,0.11704115,0,0,0,0,0,0,0,0,0,0,0,0,0,-0.11704115,0,0,0,0,0,0,0,-0.11704115,0,0,0,0,0,0,0,0,0,0,0,0,0,0,0,0,0,0,0,0,0,0,0,0,0,0,0,0,0,0,0,0,0,0,0,0,0,0,0,-0.11704115,0,0,0,0,0,0,0,0,0,0,0,0,0,0,0,0,0,0,0,0,0,0,0,0,0,0,0,0,0,0,0,0,-0.11704115,-0.11704115,0,0,0,0,0,0,0,0,0,0,0,0,0,0,0,-0.11704115,0,0,0,0,0,0,0,0,0,0,0,0,0,0,0,0,0,0,0,0,0,0,0,0,0,0,0,0,0,0,0,0,0,0,0,0,0,0,0,-0.35112345,0,0,0,0,0,-0.2340823,0,0,0,0,0,0,0,0,0,0,0.58520573,0,0,0,0,0,0,0,0,0,0,0,0,0,0,0,0,0,0,0,0,0.11704115,0,0,0,0,0]"
418bd53a-537a-4e13-b135-41d7f1da742d,mobile-banking,ITPP,ITPP-CHG-02,b175bdec976af78f3c4e59fbb3c13511ac79b1227733a23b5dec5810cec41f3c,"[0,0,0,0,0,0,0,0,0,0,0,0,0,0,0,0,0,0,0.13363062,0,0,0,0,0,0,0,0,0,0,0,0,0,0,0,0,0,0,0,0,0,0,0,0,0,0,0,0,0,0.40089187,0,0.13363062,0,0,0,0,0,0,0,0,0,0,0,0,0,0,0,0,0,0,0,0,0,0,0,0,0,0,0,0,0,0,0,-0.13363062,0,0,0,0,0,0,0,0,0,0,0,0,-0.6681531,0,0,0,0,0,0,0,0,0,0,0,0,0,0,0,0,0,0,0,0,0,0,0,0,0,0,-0.13363062,0,0,0,0,0,0,0,0,0,0,0,0,0,0,0,0,0,-0.26726124,0,0,0,0,0,0,0,0,0,0,0,0,0,0,0,-0.13363062,0,0,0,0,0,0,0,0,0,0,0,0,0,0,0,-0.13363062,0,0,0,0,0,0,0,0,0,0,0,0,-0.13363062,0,0,0,0,0,0,0,0.13363062,0,0,0,0,0,0,0,0,0,0,0,0,0,0,0,0,0,0,0,0,0,0,0,0,0,0,0,0,0,0,0,0,0,0,0,0,0,0,0,0,0,0,0,0,0,0,0.40089187,0,0,0,0,0,0,0,0,0,0.13363062,0,0,0,0,0]"
de079768-609c-4f11-9aba-482dfd35891f,mobile-banking,ITPP,ITPP-INC-01,757ebf21d27a70326dc3916bc868285cfd967e7dc05fa339c29af13b28141f80,"[0,0,0,0,0,0,0,0,0,0,0,0,0,0,0,0,0,0,0,0,0,0,0,0,0.13483997,0,0,0,0,0,0,0,0,0,0,0,0,0,0,0,0,0,0,0,0,0,0,0,0,0,0.13483997,0,0,0,0,0,0,0,0,0,0,0,0,0,0,0,0,0,0,0,0,0,0,0,0,0,0,0,0,0,0,0,-0.13483997,0,0,0,0,0,0,0,0,0,0,0,0,-0.6741999,0,0,0,0,0,0,0,0,0,0,0,0,0,0,0,0,0,0,0,0,0,0,0,0,0,0,-0.13483997,0,0,0,0,0,0,0,0,0.40451992,0,0,0,0,0,0,0,0,-0.26967993,0,0,0,0,0,0,0,0,0,0,0,0,0,0,0,-0.13483997,0,0,0,0,0,0,0,0,0,0,0,0,0,0,0,-0.13483997,0,0,0,0,0,0,0,0,0,0,0,-0.40451992,0,0,0,0,0,0,0,0,0.13483997,0,0,0,0,0,0,0,0,0,0,0,0,0,0,0,0,0,0,0,0,0,0,0,0,0,0,0,0,0,0,0,0,0,0,0,0,0,0,0,0,0,0,0,0,0,0,0,0,0,0,0,0,0,0,0,0,0.13483997,0,0,0,0,0]"
6f326751-55bf-430f-925c-db7db225f38f,mobile-banking,PCI_DSS,PCI-DSS-12.10,2a2311cc36524afca6d0db7e3eb7c35c74938c8ec4185be881837b2b686011ce,"[0,0,0,0,0,0,0,0,0,0,0,0,0,0,0,0,0,0,0,0,0,0,0,0,0.11043153,0,0,0,0.55215764,0,0,0,0,0,0,0,0,0,0,0,0,0,0,0,0,0,0,0,0,0,0.11043153,0,0,0,0,0,0,0,0,0,0,0,0,0,0,0,0,0,0,0,0,0,0,0,0,0,0,0,0,0,0,0,-0.11043153,0,0,0,0,0,0,0,0,0,0,0,0,0,0,0,0,0,0,0,0,0,0,0,0,0,0,0,0,0,0,0,0,0,0,0,0,0,0,0,-0.11043153,0,0,0,0,0,0,0,0,0,0,0,0,0,0,0,0,0,-0.22086306,0,0,0,0,0,0,0,0,0,0,0,0,0,0,0,-0.11043153,0,0,-0.11043153,0,0,0,0,0,0,0,0,0,0,0,0,-0.11043153,0,0,0,0,0,0,-0.11043153,0,0,0,0,0,0,0,0,0,0,0,0,0,0.11043153,0,0,0,0,0,0,0,0,0,0,0,0,0,0,0,0,0,0,-0.33129457,0,0,0,0,0,0,0,-0.33129457,0,0,0,0,0,0,0,0,0.55215764,0,0,0,0,0,0,0,0,0,0,0,0,0,0,0,0,0,0,0,0,0.11043153,0,0,0,0,0]"
392ca4ee-9b21-4173-89b4-62bb28495d92,net-banking,ITPP,ITPP-CHG-02,d592c46467e2f337971219ced1ea6f377f942982e59df3cff7473798d3f16ac2,"[0,0,0,0,0,0,0,0,0,0,0,0,0,0,0,-0.13363062,0,0,0.13363062,0,0,0,0,0,0,0,0,0,0,0,0,0,0,0,0,0,0,0,0,0,0,0,0,0,0,0,0,0,0.40089187,0,0.13363062,0,0,0,0,0,0,0,0,0,0,0,0,0,0,0,0,0,0,0,0,0,0,0,0,0,0,0,0,0,0,0,-0.13363062,0,0,0,0,0,0,0,0,0,0,0,0,-0.6681531,0,0,0,0,0,0,0,0,0,0,0,0,0,0,0,0,0,0,0,0,0,0,0,0,0,0,-0.13363062,0,0,0,0,0,0,0,0,0,0,0,0,0,0,0,0,0,-0.26726124,0,0,0,0,0,0,0,0,0,0,0,0,0,0,0,-0.13363062,0,0,0,0,0,0,0,0,0,0,0,0,0,0,0,-0.13363062,0,0,0,0,0,0,0,0,0,0,0,0,-0.13363062,0,0,0,0,0,0,0,0,0,0,0,0,0,0,0,0,0,0,0,0,0,0,0,0,0,0,0,0,0,0,0,0,0,0,0,0,0,0,0,0,0,0,0,0,0,0,0,0,0,0,0,0,0,0,0.40089187,0,0,0,0,0,0,0,0,0,0.13363062,0,0,0,0,0]"
abec1a74-9fd6-4810-b0d1-b8eca4ef0589,net-banking,ITPP,ITPP-INC-01,2660a79ef98a809b010aafb6247c3c27f11af3611590485e3b4c126b4f0322ff,"[0,0,0,0,0,0,0,0,0,0,0,0,0,0,0,-0.13483997,0,0,0,0,0,0,0,0,0.13483997,0,0,0,0,0,0,0,0,0,0,0,0,0,0,0,0,0,0,0,0,0,0,0,0,0,0.13483997,0,0,0,0,0,0,0,0,0,0,0,0,0,0,0,0,0,0,0,0,0,0,0,0,0,0,0,0,0,0,0,-0.13483997,0,0,0,0,0,0,0,0,0,0,0,0,-0.6741999,0,0,0,0,0,0,0,0,0,0,0,0,0,0,0,0,0,0,0,0,0,0,0,0,0,0,-0.13483997,0,0,0,0,0,0,0,0,0.40451992,0,0,0,0,0,0,0,0,-0.26967993,0,0,0,0,0,0,0,0,0,0,0,0,0,0,0,-0.13483997,0,0,0,0,0,0,0,0,0,0,0,0,0,0,0,-0.13483997,0,0,0,0,0,0,0,0,0,0,0,-0.40451992,0,0,0,0,0,0,0,0,0,0,0,0,0,0,0,0,0,0,0,0,0,0,0,0,0,0,0,0,0,0,0,0,0,0,0,0,0,0,0,0,0,0,0,0,0,0,0,0,0,0,0,0,0,0,0,0,0,0,0,0,0,0,0,0,0,0.13483997,0,0,0,0,0]"
d9fa7f21-bb37-45be-bc0e-b2d994a787d9,net-banking,PCI_DSS,PCI-DSS-12.10,ceec4ccb8f6ba5876b688d2a8488b59ef36c0a64975f332583d0a9d071c13cd5,"[0,0,0,0,0,0,0,0,0,0,0,0,0,0,0,-0.11043153,0,0,0,0,0,0,0,0,0.11043153,0,0,0,0.55215764,0,0,0,0,0,0,0,0,0,0,0,0,0,0,0,0,0,0,0,0,0,0.11043153,0,0,0,0,0,0,0,0,0,0,0,0,0,0,0,0,0,0,0,0,0,0,0,0,0,0,0,0,0,0,0,-0.11043153,0,0,0,0,0,0,0,0,0,0,0,0,0,0,0,0,0,0,0,0,0,0,0,0,0,0,0,0,0,0,0,0,0,0,0,0,0,0,0,-0.11043153,0,0,0,0,0,0,0,0,0,0,0,0,0,0,0,0,0,-0.22086306,0,0,0,0,0,0,0,0,0,0,0,0,0,0,0,-0.11043153,0,0,-0.11043153,0,0,0,0,0,0,0,0,0,0,0,0,-0.11043153,0,0,0,0,0,0,-0.11043153,0,0,0,0,0,0,0,0,0,0,0,0,0,0,0,0,0,0,0,0,0,0,0,0,0,0,0,0,0,0,0,0,-0.33129457,0,0,0,0,0,0,0,-0.33129457,0,0,0,0,0,0,0,0,0.55215764,0,0,0,0,0,0,0,0,0,0,0,0,0,0,0,0,0,0,0,0,0.11043153,0,0,0,0,0]"
b1495a1e-fb91-4866-a98b-5c9a3daaa843,payments,ITPP,ITPP-CHG-02,6cdc8a6f4dce408648e17551eea1bbcd568674b00210189228baee62dca8edbe,"[0,0,0,0,0,0,0,0,0,0,0,0,0,0,0,0,0,0,0.13245323,0,0,0,0,0,0,0,0,0,0,0,0,0,0,0,0,0,0,0,0,0,0,0,0,0,0,0,0,0,0.3973597,0,0.13245323,0,0,0,0,0,0,0,0,0,0,0,0,0,0,0,0,0,0,0,0,0,0,0,-0.13245323,0,0,0,0,0,0,0,-0.13245323,0,0,0,0,0,0,0,0,0,0,0,0,-0.6622662,0,0,0,0,0,0,0,0,0,0,0,0,0,0,0,0,0,0,0,0,0,0,0,0,0,0,-0.13245323,0,0,0,0,0,0,0,0,0,0,0,0,0,0,0,0,0,-0.26490647,0,0,0,0,0,0,0,0,0,0,0,0,0,0,-0.13245323,-0.13245323,0,0,0,0,0,0,0,0,0,0,0,0,0,0,0,-0.13245323,0,0,0,0,0,0,0,0,0,0,0,0,-0.13245323,0,0,0,0,0,0,0,0,0,0,0,0,0,0,0,0,0,0,0,0,0,0,0,0,0,0,0,0,0,0,0,0,0,0,0,0,0,0,0,0,0,0,0,0,0,0,0,0,0,0,0,0,0,0,0.3973597,0,0,0,0,0,0,0,0,0,0.13245323,0,0,0,0,0]"
95838b10-ca29-47ad-99d1-fca099bf946b,payments,ITPP,ITPP-INC-01,ffddf055285e6b3e896876afeb4b85c203a985969849259a1c34068b1527df0a,"[0,0,0,0,0,0,0,0,0,0,0,0,0,0,0,0,0,0,0,0,0,0,0,0,0.13363062,0,0,0,0,0,0,0,0,0,0,0,0,0,0,0,0,0,0,0,0,0,0,0,0,0,0.13363062,0,0,0,0,0,0,0,0,0,0,0,0,0,0,0,0,0,0,0,0,0,0,0,-0.13363062,0,0,0,0,0,0,0,-0.13363062,0,0,0,0,0,0,0,0,0,0,0,0,-0.6681531,0,0,0,0,0,0,0,0,0,0,0,0,0,0,0,0,0,0,0,0,0,0,0,0,0,0,-0.13363062,0,0,0,0,0,0,0,0,0.40089187,0,0,0,0,0,0,0,0,-0.26726124,0,0,0,0,0,0,0,0,0,0,0,0,0,0,-0.13363062,-0.13363062,0,0,0,0,0,0,0,0,0,0,0,0,0,0,0,-0.13363062,0,0,0,0,0,0,0,0,0,0,0,-0.40089187,0,0,0,0,0,0,0,0,0,0,0,0,0,0,0,0,0,0,0,0,0,0,0,0,0,0,0,0,0,0,0,0,0,0,0,0,0,0,0,0,0,0,0,0,0,0,0,0,0,0,0,0,0,0,0,0,0,0,0,0,0,0,0,0,0,0.13363062,0,0,0,0,0]"
2b0672a6-a1db-4941-ae02-9d2d08c7ac6b,payments,PCI_DSS,PCI-DSS-12.10,f92ed430cd5c489296e2dc0add0d072ec5212eaee923da7c5aac2b8159ad7460,"[0,0,0,0,0,0,0,0,0,0,0,0,0,0,0,0,0,0,0,0,0,0,0,0,0.10976426,0,0,0,0.5488213,0,0,0,0,0,0,0,0,0,0,0,0,0,0,0,0,0,0,0,0,0,0.10976426,0,0,0,0,0,0,0,0,0,0,0,0,0,0,0,0,0,0,0,0,0,0,0,-0.10976426,0,0,0,0,0,0,0,-0.10976426,0,0,0,0,0,0,0,0,0,0,0,0,0,0,0,0,0,0,0,0,0,0,0,0,0,0,0,0,0,0,0,0,0,0,0,0,0,0,0,-0.10976426,0,0,0,0,0,0,0,0,0,0,0,0,0,0,0,0,0,-0.21952853,0,0,0,0,0,0,0,0,0,0,0,0,0,0,-0.10976426,-0.10976426,0,0,-0.10976426,0,0,0,0,0,0,0,0,0,0,0,0,-0.10976426,0,0,0,0,0,0,-0.10976426,0,0,0,0,0,0,0,0,0,0,0,0,0,0,0,0,0,0,0,0,0,0,0,0,0,0,0,0,0,0,0,0,-0.32929277,0,0,0,0,0,0,0,-0.32929277,0,0,0,0,0,0,0,0,0.5488213,0,0,0,0,0,0,0,0,0,0,0,0,0,0,0,0,0,0,0,0,0.10976426,0,0,0,0,0]"
28a2c53d-f76c-45e9-a6a8-e7f978e58691,mobile-banking,PCI_DSS,PCI-C6,7741475a68d6b5fe67fc2f1c15f23e6d6a95e636507ff13a7f6e577f02417fa7,"[0,0,0,0,0,0,0,0,0,0,0,0,0,0,0,0,0,0,0.13483997,0,0,0,0,0,0,0,0,0,0.26967993,0,0,0,0,0,0,0,0,0,0,0,0,0,0,0,0,0,0,0,0,0,0.13483997,0,0,0,0,0,0,0,0,0,-0.40451992,0,0,0,0,0,0,0,0,0,0,0,0,0,0,0,0,0,0,0.26967993,0,0,-0.13483997,0,0,0,0,0,0,0,0,0,0,0,0,0,0,0,0,0,0,0,0,0,0,0,0,0,0,0,0,0,0,0,0,0,0,0,0,0,0,0,-0.13483997,0,0,0,0,0,0,0,0,0,0.26967993,0,0,0,0,0,0,0,0,0,0,0,0,0,0,0,0.13483997,0,0,0,0,0,0,0,-0.13483997,0,0,0,0,0,0,0,0,0,0,0,0,0,0,0,-0.13483997,0,0,0,0,0,0,0,0,0,0,0,0,0,0,0,0,0,0,0,0,0.13483997,0,0,0,0,0,0,0,0,0,0,0,0,0,0,0,0,0,0,0,0,0,0,0,0,0,0,0,0,0,0,0,0,0,0,0,0.6741999,0,0,0,0,0,0,0,0,0,0,0,0,0,0,0,0,-0.13483997,0,0,0,0,0,0,0,0,0]"
88949dff-2c1d-47b0-a089-94cac4ec6412,mobile-banking,ITPP,ITPP-C12,3ccabb5844ec8f01336f8ce5d4ab09cc1250967d69e30bc8f27e300f6852c30d,"[0,0,0,0,0,0,0,0,0,0,0,0,0,0,0,0,0,0,0.14002801,0,0,0,0,0,0,0,0,0,0,0,0,0,0,0,0,0,0,0,0,0,0,0,0,0,0,0,0,0,0,0,0.14002801,0,0,0,0,0,0,0,0,0,0,0,0,0,0,0,0,0,0,0,0,0,0,0,0,0,0,0,0,0.28005603,0,0,-0.14002801,0,0,0,0,0,0,0,0,0,0,0,0,-0.70014006,0,0,0,0,0,0,0,0,0,0,0,0,0,0,0,0,0,0,0,0,0,0,0,0,0,0,-0.14002801,0,0,0,0,0,0,0,0,0,0.28005603,0,0,0,0,0,0,0,0,0,0,0,0,0,0,0,0.14002801,0,0,0,0,0,0,0,-0.14002801,0,0,0,0,0,0,0,0,0,0,0,0,0,0,0,-0.14002801,0,0,0,0,0,0,0,0,0.42008403,0,0,0,0,0,0,0,0,0,0,0,0.14002801,0,0,0,0,0,0,0,0,0,0,0,0,0,0,0,0,0,0,0,0,0,0,0,0,0,0,0,0,0,0,0,0,0,0,0,0,0,0,0,0,0,0,0,0,0,0,0,0,0,0,0,0,-0.14002801,0,0,0,0,0,0,0,0,0]"
5f241834-264a-43e5-b8bf-db0dc58ebdb7,net-banking,PCI_DSS,PCI-C6,f464842627ef938b966998af7aac69cd354a4a1c33c0d17bdd88ae32db9733e2,"[0,0,0,0,0,0,0,0,0,0,0,0,0,0,0,-0.13483997,0,0,0.13483997,0,0,0,0,0,0,0,0,0,0.26967993,0,0,0,0,0,0,0,0,0,0,0,0,0,0,0,0,0,0,0,0,0,0.13483997,0,0,0,0,0,0,0,0,0,-0.40451992,0,0,0,0,0,0,0,0,0,0,0,0,0,0,0,0,0,0,0.26967993,0,0,-0.13483997,0,0,0,0,0,0,0,0,0,0,0,0,0,0,0,0,0,0,0,0,0,0,0,0,0,0,0,0,0,0,0,0,0,0,0,0,0,0,0,-0.13483997,0,0,0,0,0,0,0,0,0,0.26967993,0,0,0,0,0,0,0,0,0,0,0,0,0,0,0,0.13483997,0,0,0,0,0,0,0,-0.13483997,0,0,0,0,0,0,0,0,0,0,0,0,0,0,0,-0.13483997,0,0,0,0,0,0,0,0,0,0,0,0,0,0,0,0,0,0,0,0,0,0,0,0,0,0,0,0,0,0,0,0,0,0,0,0,0,0,0,0,0,0,0,0,0,0,0,0,0,0,0,0,0,0,0,0,0.6741999,0,0,0,0,0,0,0,0,0,0,0,0,0,0,0,0,-0.13483997,0,0,0,0,0,0,0,0,0]"
df6e1ca3-f7fe-4187-9da7-ea0aa9842915,net-banking,ITPP,ITPP-C12,6252da62ae83444d2470b5ba590edd044ea7cf2dcf6094f9d2c0ec7467accf29,"[0,0,0,0,0,0,0,0,0,0,0,0,0,0,0,-0.14002801,0,0,0.14002801,0,0,0,0,0,0,0,0,0,0,0,0,0,0,0,0,0,0,0,0,0,0,0,0,0,0,0,0,0,0,0,0.14002801,0,0,0,0,0,0,0,0,0,0,0,0,0,0,0,0,0,0,0,0,0,0,0,0,0,0,0,0,0.28005603,0,0,-0.14002801,0,0,0,0,0,0,0,0,0,0,0,0,-0.70014006,0,0,0,0,0,0,0,0,0,0,0,0,0,0,0,0,0,0,0,0,0,0,0,0,0,0,-0.14002801,0,0,0,0,0,0,0,0,0,0.28005603,0,0,0,0,0,0,0,0,0,0,0,0,0,0,0,0.14002801,0,0,0,0,0,0,0,-0.14002801,0,0,0,0,0,0,0,0,0,0,0,0,0,0,0,-0.14002801,0,0,0,0,0,0,0,0,0.42008403,0,0,0,0,0,0,0,0,0,0,0,0,0,0,0,0,0,0,0,0,0,0,0,0,0,0,0,0,0,0,0,0,0,0,0,0,0,0,0,0,0,0,0,0,0,0,0,0,0,0,0,0,0,0,0,0,0,0,0,0,0,0,0,0,-0.14002801,0,0,0,0,0,0,0,0,0]"
20db7492-d43a-4131-a3ef-267d1f6b3b76,payments,PCI_DSS,PCI-C6,7c63af3e92e1786f395a3a640fee2a1bebc94ce86558a28ad1f712750fecbc15,"[0,0,0,0,0,0,0,0,0,0,0,0,0,0,0,0,0,0,0.13363062,0,0,0,0,0,0,0,0,0,0.26726124,0,0,0,0,0,0,0,0,0,0,0,0,0,0,0,0,0,0,0,0,0,0.13363062,0,0,0,0,0,0,0,0,0,-0.40089187,0,0,0,0,0,0,0,0,0,0,0,0,0,-0.13363062,0,0,0,0,0.26726124,0,0,-0.13363062,0,0,0,0,0,0,0,0,0,0,0,0,0,0,0,0,0,0,0,0,0,0,0,0,0,0,0,0,0,0,0,0,0,0,0,0,0,0,0,-0.13363062,0,0,0,0,0,0,0,0,0,0.26726124,0,0,0,0,0,0,0,0,0,0,0,0,0,0,0,0.13363062,0,0,0,0,0,0,-0.13363062,-0.13363062,0,0,0,0,0,0,0,0,0,0,0,0,0,0,0,-0.13363062,0,0,0,0,0,0,0,0,0,0,0,0,0,0,0,0,0,0,0,0,0,0,0,0,0,0,0,0,0,0,0,0,0,0,0,0,0,0,0,0,0,0,0,0,0,0,0,0,0,0,0,0,0,0,0,0,0.6681531,0,0,0,0,0,0,0,0,0,0,0,0,0,0,0,0,-0.13363062,0,0,0,0,0,0,0,0,0]"
30f08d44-7aff-4256-8a88-779557534f8b,payments,ITPP,ITPP-C12,efb419ea6b38bc3a7a87b8887d0d8edec8b7e9cc60e75ece1d9a701dacd5b323,"[0,0,0,0,0,0,0,0,0,0,0,0,0,0,0,0,0,0,0.13867505,0,0,0,0,0,0,0,0,0,0,0,0,0,0,0,0,0,0,0,0,0,0,0,0,0,0,0,0,0,0,0,0.13867505,0,0,0,0,0,0,0,0,0,0,0,0,0,0,0,0,0,0,0,0,0,0,0,-0.13867505,0,0,0,0,0.2773501,0,0,-0.13867505,0,0,0,0,0,0,0,0,0,0,0,0,-0.69337523,0,0,0,0,0,0,0,0,0,0,0,0,0,0,0,0,0,0,0,0,0,0,0,0,0,0,-0.13867505,0,0,0,0,0,0,0,0,0,0.2773501,0,0,0,0,0,0,0,0,0,0,0,0,0,0,0,0.13867505,0,0,0,0,0,0,-0.13867505,-0.13867505,0,0,0,0,0,0,0,0,0,0,0,0,0,0,0,-0.13867505,0,0,0,0,0,0,0,0,0.41602516,0,0,0,0,0,0,0,0,0,0,0,0,0,0,0,0,0,0,0,0,0,0,0,0,0,0,0,0,0,0,0,0,0,0,0,0,0,0,0,0,0,0,0,0,0,0,0,0,0,0,0,0,0,0,0,0,0,0,0,0,0,0,0,0,-0.13867505,0,0,0,0,0,0,0,0,0]"
6968e03f-249d-4202-ab1d-a3d1068ac6ef,mobile-banking,ITPP,ITPP-C14,eaf1868096b68d2f8e3a94f4eb02a76f0f2ccb12f08467890cb07489946a9159,"[0,0,0,0,0,0,0,0,0,0,0,0,0,0,0,0,0,0,0,0,0,0,0,0,0.14142136,0,0,0,0,0,0,0,0,0,0,0,0,0,0,0,0,0,0,0,0,0,0,0,0,0,0.14142136,0,0,0,0,0,0,0,0,0,0,0,0,0,0,0,0,0,0,0,0,0,0,0,0,0,0,0,0,0.28284273,0,0,-0.14142136,0,0,0,0,0,0,0,0,0,0,0,0,-0.70710677,0,0,0,0,0,0,0,0,0,0,0,0,0,0,0,0,0,0,0.42426407,0,0,0,0,0,0,0,-0.14142136,0,0,0,0,0,0,0,0,0,0,0,0,0,0,0,0,0,-0.28284273,0,0,0,0,0,0,0,0,0,0,0,0,0,0,0,-0.14142136,0,0,0,0,0,0,0,0,0,0,0,0,0,0,0,-0.14142136,0,0,0,0,0,0,0,0,0,0,0,0,0,0,0,0,0,0,0,0,0.14142136,0,0,0,0,0,0,0,0,0,0,0,0,0,0,0,0,0,0,0,0,0,0,0,0,0,0,0,0,0,0,0,0,0,0,0,0,0,0,0,0,0,0,0,0,0,0,0,0,0,0,0,0,-0.14142136,0,0,0,0,0,0,0,0,0]"
c3eb04ca-2000-446d-b207-71d61543b70a,mobile-banking,PCI_DSS,PCI-C12,a233e7812822f70edf8807f86adff844561a22054d807ed26a0327e941307661,"[0,0,0,0,0,0,0,0,0,0,0,0,0,0,0,0,0,0,0,0,0,0,0,0,0.13608277,0,0,0,0.27216554,0,0,0,0,0,0,0,0,0,0,0,0,0,0,0,0,0,0,0,0,0,0.13608277,0,0,0,0,0,0,0,0,0,0,0,0,0,0,0,0,0,0,0,0,0,0,0,0,0,0,0,0,0.27216554,0,0,-0.13608277,0,0,0,0,0,0,0,0,0,0,0,0,0,0,0,0,0,0,0,0,0,0,0,0,0,0,0,0,0,0,0,0,0,0,0,0,0,0,0,-0.13608277,0,0,0,0,0,0,0,0,0,0,0,0,0,0,0,0,0,-0.27216554,0,0,0,0,0,0,0,0,0,0,0,0,0,0,0,-0.13608277,0,0,0,0,0,0,0,0,0,0,0,0,0,0,0,-0.13608277,0,0,0,0,0,0,0,0,0.4082483,0,0,0,0,0,0,0,0,0,0,0,0.13608277,0,0,0,0,0,0,0,0,0,0,0,0,0,0,0,0,0,0,0,0,0,0,0,0,0,0,0,0,0,0,0,0,0,0,0,0.68041384,0,0,0,0,0,0,0,0,0,0,0,0,0,0,0,0,-0.13608277,0,0,0,0,0,0,0,0,0]"
7b2c0e9f-7331-488e-8d73-242a8c1accb0,net-banking,ITPP,ITPP-C14,d4b4ac434c119da56d8144b758c76340c0a2402ba5d7cb93e58493bf15c038f9,"[0,0,0,0,0,0,0,0,0,0,0,0,0,0,0,-0.14142136,0,0,0,0,0,0,0,0,0.14142136,0,0,0,0,0,0,0,0,0,0,0,0,0,0,0,0,0,0,0,0,0,0,0,0,0,0.14142136,0,0,0,0,0,0,0,0,0,0,0,0,0,0,0,0,0,0,0,0,0,0,0,0,0,0,0,0,0.28284273,0,0,-0.14142136,0,0,0,0,0,0,0,0,0,0,0,0,-0.70710677,0,0,0,0,0,0,0,0,0,0,0,0,0,0,0,0,0,0,0.42426407,0,0,0,0,0,0,0,-0.14142136,0,0,0,0,0,0,0,0,0,0,0,0,0,0,0,0,0,-0.28284273,0,0,0,0,0,0,0,0,0,0,0,0,0,0,0,-0.14142136,0,0,0,0,0,0,0,0,0,0,0,0,0,0,0,-0.14142136,0,0,0,0,0,0,0,0,0,0,0,0,0,0,0,0,0,0,0,0,0,0,0,0,0,0,0,0,0,0,0,0,0,0,0,0,0,0,0,0,0,0,0,0,0,0,0,0,0,0,0,0,0,0,0,0,0,0,0,0,0,0,0,0,0,0,0,0,0,0,0,0,0,-0.14142136,0,0,0,0,0,0,0,0,0]"
b2abf197-84f0-4900-90ca-64685bceb926,net-banking,PCI_DSS,PCI-C12,719b5ac6e07c15852245f6734686bb0e21a9c2d5a14f95493a12e771dd77fb92,"[0,0,0,0,0,0,0,0,0,0,0,0,0,0,0,-0.13608277,0,0,0,0,0,0,0,0,0.13608277,0,0,0,0.27216554,0,0,0,0,0,0,0,0,0,0,0,0,0,0,0,0,0,0,0,0,0,0.13608277,0,0,0,0,0,0,0,0,0,0,0,0,0,0,0,0,0,0,0,0,0,0,0,0,0,0,0,0,0.27216554,0,0,-0.13608277,0,0,0,0,0,0,0,0,0,0,0,0,0,0,0,0,0,0,0,0,0,0,0,0,0,0,0,0,0,0,0,0,0,0,0,0,0,0,0,-0.13608277,0,0,0,0,0,0,0,0,0,0,0,0,0,0,0,0,0,-0.27216554,0,0,0,0,0,0,0,0,0,0,0,0,0,0,0,-0.13608277,0,0,0,0,0,0,0,0,0,0,0,0,0,0,0,-0.13608277,0,0,0,0,0,0,0,0,0.4082483,0,0,0,0,0,0,0,0,0,0,0,0,0,0,0,0,0,0,0,0,0,0,0,0,0,0,0,0,0,0,0,0,0,0,0,0,0,0,0,0,0,0,0,0,0,0,0,0.68041384,0,0,0,0,0,0,0,0,0,0,0,0,0,0,0,0,-0.13608277,0,0,0,0,0,0,0,0,0]"
b151ed92-0b0b-46da-9f8f-6c701cf93073,payments,ITPP,ITPP-C14,f921729725085960e86d65495b7ac2cd1c281621f33dfc42e7f55fc1216adb8b,"[0,0,0,0,0,0,0,0,0,0,0,0,0,0,0,0,0,0,0,0,0,0,0,0,0.14002801,0,0,0,0,0,0,0,0,0,0,0,0,0,0,0,0,0,0,0,0,0,0,0,0,0,0.14002801,0,0,0,0,0,0,0,0,0,0,0,0,0,0,0,0,0,0,0,0,0,0,0,-0.14002801,0,0,0,0,0.28005603,0,0,-0.14002801,0,0,0,0,0,0,0,0,0,0,0,0,-0.70014006,0,0,0,0,0,0,0,0,0,0,0,0,0,0,0,0,0,0,0.42008403,0,0,0,0,0,0,0,-0.14002801,0,0,0,0,0,0,0,0,0,0,0,0,0,0,0,0,0,-0.28005603,0,0,0,0,0,0,0,0,0,0,0,0,0,0,-0.14002801,-0.14002801,0,0,0,0,0,0,0,0,0,0,0,0,0,0,0,-0.14002801,0,0,0,0,0,0,0,0,0,0,0,0,0,0,0,0,0,0,0,0,0,0,0,0,0,0,0,0,0,0,0,0,0,0,0,0,0,0,0,0,0,0,0,0,0,0,0,0,0,0,0,0,0,0,0,0,0,0,0,0,0,0,0,0,0,0,0,0,0,0,0,0,0,-0.14002801,0,0,0,0,0,0,0,0,0]"
87e8df15-764c-4a99-b679-5d7cc8bf6e0a,payments,PCI_DSS,PCI-C12,81936befa0f9dee1e324349b73a595c041f0517e99d51de0ace35d91dd68c337,"[0,0,0,0,0,0,0,0,0,0,0,0,0,0,0,0,0,0,0,0,0,0,0,0,0.13483997,0,0,0,0.26967993,0,0,0,0,0,0,0,0,0,0,0,0,0,0,0,0,0,0,0,0,0,0.13483997,0,0,0,0,0,0,0,0,0,0,0,0,0,0,0,0,0,0,0,0,0,0,0,-0.13483997,0,0,0,0,0.26967993,0,0,-0.13483997,0,0,0,0,0,0,0,0,0,0,0,0,0,0,0,0,0,0,0,0,0,0,0,0,0,0,0,0,0,0,0,0,0,0,0,0,0,0,0,-0.13483997,0,0,0,0,0,0,0,0,0,0,0,0,0,0,0,0,0,-0.26967993,0,0,0,0,0,0,0,0,0,0,0,0,0,0,-0.13483997,-0.13483997,0,0,0,0,0,0,0,0,0,0,0,0,0,0,0,-0.13483997,0,0,0,0,0,0,0,0,0.40451992,0,0,0,0,0,0,0,0,0,0,0,0,0,0,0,0,0,0,0,0,0,0,0,0,0,0,0,0,0,0,0,0,0,0,0,0,0,0,0,0,0,0,0,0,0,0,0,0.6741999,0,0,0,0,0,0,0,0,0,0,0,0,0,0,0,0,-0.13483997,0,0,0,0,0,0,0,0,0]"
4d624028-cb32-41a9-a293-7bb96558ccbd,mobile-banking,PCI_DSS,PCI-C6,d2a3ee08f079cee60c760ef95d9ef373e2c3621c80b003c3d9bd2485e97b4790,"[0,0,0,0,0,0,0,0,0,0,0,0,0,0,0,0,-0.26967993,0,0,0,0,0,0,0,0,0,0,0,0.26967993,0,0,0,0,0,0,0,0,0,0,0,0,0,0,0,0,0,0,0,0,0,0.13483997,0,0,-0.13483997,0,0,0,0,0,0,-0.40451992,0,0,0,0,0,0,0,0,0,0,0,0,0,0,0,0,0,0,0.26967993,0,0,-0.13483997,0,0,0,0,0,0,0,0,0,0,0,0,0,0,0,0,0,0,0,0,0,0,0,0,0,0,0,0,0,0,0,0,0,0,0,0.13483997,0,0,0,-0.13483997,0,0,0,0,0,0,0,0,0,0,0,0,0,0,0,0,0,0,0,0,0,0,0,0,0,0,0,0,0,0,0,0,0,-0.13483997,0,0,0,0,0,0,0,0,0,0,0,0,0,0,0,-0.13483997,0,0,0,0,0,0,0,0,0,0,0,0,0,0,0,0,0,0,0,0,0.13483997,0,0,0,0,0,0,0,0,0,0,0,0,0,0,0,0,0,0,0,0,0,0,0,0,0,0,0,0,0,0,0,0,0,0,0,0.6741999,0,0,0,0,0,0,0,0,0,0,0,0,0,0,0,0,-0.13483997,0,0,0,0,0,0,0,0,0]"
6ff93840-817b-4263-8565-49b7cfcb4e03,mobile-banking,DPSC,DPSC-C14,1c9528b4d23acf191d9bebf7ee703bd3ab5745d8caadb864306a1f9dc3bb9cfa,"[0,0,0,0,0,0,0,0,0,0,0,0,0,0,0,0,-0.2773501,0,0,0,0,0,0,0,0,0,0,0,0,0,0,0,0,0,0,0,0,0,0,0,0,0,0,0,0,0,0,0,0,0,0.13867505,0,0,0,0,0,0,0,0,0,0,0,0,0,0,0,0,0,0,0,0,0,0,0,0,0,0,0,0,0.2773501,0,0,-0.13867505,0,0,0,0,-0.13867505,0,0,0,0,0,0,0,0,0,0,0,0,0,0,0,0,0,0,0,0,0,0,0,0,0,0,0.41602516,0,0,0,0,0,0,0,-0.13867505,0,0,0,0,0,0,0,0,0,0,0,0,0,0,0,0,0,0,0,0,0,0,0,0,0,0,0,0,0,0,0,0,0,-0.13867505,0,0,0,0,0,0,0,0,0,0,0,0,0,0,0,-0.13867505,0,0,0,0,0,0,0,0,0,0,0,0,-0.13867505,0,0,0,0,0,0,0,0.13867505,0,0,0,0,0,0,0,0,0,0,0,0,0.13867505,0,0,0,0,0,0,0,0,0,0,0,0,0,0,0,0,0,0,0,0,0,0,0,0,0,0,0,0,0,0,0,0,0,0,0,0,0,0,0,-0.13867505,0.69337523,0,0,0,0,0,0,0,0]"
2ce07fb5-b011-4bf8-905a-d6e9b5019bd0,net-banking,PCI_DSS,PCI-C6,172cd0aea7ad02599fc296e7baa27facf093102c90f5aa58f472efa334990d43,"[0,0,0,0,0,0,0,0,0,0,0,0,0,0,0,-0.13483997,-0.26967993,0,0,0,0,0,0,0,0,0,0,0,0.26967993,0,0,0,0,0,0,0,0,0,0,0,0,0,0,0,0,0,0,0,0,0,0.13483997,0,0,-0.13483997,0,0,0,0,0,0,-0.40451992,0,0,0,0,0,0,0,0,0,0,0,0,0,0,0,0,0,0,0.26967993,0,0,-0.13483997,0,0,0,0,0,0,0,0,0,0,0,0,0,0,0,0,0,0,0,0,0,0,0,0,0,0,0,0,0,0,0,0,0,0,0,0.13483997,0,0,0,-0.13483997,0,0,0,0,0,0,0,0,0,0,0,0,0,0,0,0,0,0,0,0,0,0,0,0,0,0,0,0,0,0,0,0,0,-0.13483997,0,0,0,0,0,0,0,0,0,0,0,0,0,0,0,-0.13483997,0,0,0,0,0,0,0,0,0,0,0,0,0,0,0,0,0,0,0,0,0,0,0,0,0,0,0,0,0,0,0,0,0,0,0,0,0,0,0,0,0,0,0,0,0,0,0,0,0,0,0,0,0,0,0,0,0.6741999,0,0,0,0,0,0,0,0,0,0,0,0,0,0,0,0,-0.13483997,0,0,0,0,0,0,0,0,0]"
a7ae72a7-6edb-4873-9a42-f5fe01536776,net-banking,DPSC,DPSC-C14,aeff75b8d6d9e502f570dd66849a17fab3774c5e792cdc232cd42281a49c6010,"[0,0,0,0,0,0,0,0,0,0,0,0,0,0,0,-0.13867505,-0.2773501,0,0,0,0,0,0,0,0,0,0,0,0,0,0,0,0,0,0,0,0,0,0,0,0,0,0,0,0,0,0,0,0,0,0.13867505,0,0,0,0,0,0,0,0,0,0,0,0,0,0,0,0,0,0,0,0,0,0,0,0,0,0,0,0,0.2773501,0,0,-0.13867505,0,0,0,0,-0.13867505,0,0,0,0,0,0,0,0,0,0,0,0,0,0,0,0,0,0,0,0,0,0,0,0,0,0,0.41602516,0,0,0,0,0,0,0,-0.13867505,0,0,0,0,0,0,0,0,0,0,0,0,0,0,0,0,0,0,0,0,0,0,0,0,0,0,0,0,0,0,0,0,0,-0.13867505,0,0,0,0,0,0,0,0,0,0,0,0,0,0,0,-0.13867505,0,0,0,0,0,0,0,0,0,0,0,0,-0.13867505,0,0,0,0,0,0,0,0,0,0,0,0,0,0,0,0,0,0,0,0,0.13867505,0,0,0,0,0,0,0,0,0,0,0,0,0,0,0,0,0,0,0,0,0,0,0,0,0,0,0,0,0,0,0,0,0,0,0,0,0,0,0,-0.13867505,0.69337523,0,0,0,0,0,0,0,0]"
488da8db-e9b4-4869-9fa5-55aa366ee082,payments,PCI_DSS,PCI-C6,60f998ad8611473b2405315c245da3eaeb6ce83864fc1eef5d6b072155655569,"[0,0,0,0,0,0,0,0,0,0,0,0,0,0,0,0,-0.26726124,0,0,0,0,0,0,0,0,0,0,0,0.26726124,0,0,0,0,0,0,0,0,0,0,0,0,0,0,0,0,0,0,0,0,0,0.13363062,0,0,-0.13363062,0,0,0,0,0,0,-0.40089187,0,0,0,0,0,0,0,0,0,0,0,0,0,-0.13363062,0,0,0,0,0.26726124,0,0,-0.13363062,0,0,0,0,0,0,0,0,0,0,0,0,0,0,0,0,0,0,0,0,0,0,0,0,0,0,0,0,0,0,0,0,0,0,0,0.13363062,0,0,0,-0.13363062,0,0,0,0,0,0,0,0,0,0,0,0,0,0,0,0,0,0,0,0,0,0,0,0,0,0,0,0,0,0,0,0,-0.13363062,-0.13363062,0,0,0,0,0,0,0,0,0,0,0,0,0,0,0,-0.13363062,0,0,0,0,0,0,0,0,0,0,0,0,0,0,0,0,0,0,0,0,0,0,0,0,0,0,0,0,0,0,0,0,0,0,0,0,0,0,0,0,0,0,0,0,0,0,0,0,0,0,0,0,0,0,0,0,0.6681531,0,0,0,0,0,0,0,0,0,0,0,0,0,0,0,0,-0.13363062,0,0,0,0,0,0,0,0,0]"
d9ce3f86-c3da-4178-b8d2-54c885dde0ab,payments,DPSC,DPSC-C14,0b3972f63ee01e977179915871bca3f41c23cbd3e1dfa0acaed76653982e7a50,"[0,0,0,0,0,0,0,0,0,0,0,0,0,0,0,0,-0.27472112,0,0,0,0,0,0,0,0,0,0,0,0,0,0,0,0,0,0,0,0,0,0,0,0,0,0,0,0,0,0,0,0,0,0.13736056,0,0,0,0,0,0,0,0,0,0,0,0,0,0,0,0,0,0,0,0,0,0,0,-0.13736056,0,0,0,0,0.27472112,0,0,-0.13736056,0,0,0,0,-0.13736056,0,0,0,0,0,0,0,0,0,0,0,0,0,0,0,0,0,0,0,0,0,0,0,0,0,0,0.4120817,0,0,0,0,0,0,0,-0.13736056,0,0,0,0,0,0,0,0,0,0,0,0,0,0,0,0,0,0,0,0,0,0,0,0,0,0,0,0,0,0,0,0,-0.13736056,-0.13736056,0,0,0,0,0,0,0,0,0,0,0,0,0,0,0,-0.13736056,0,0,0,0,0,0,0,0,0,0,0,0,-0.13736056,0,0,0,0,0,0,0,0,0,0,0,0,0,0,0,0,0,0,0,0,0.13736056,0,0,0,0,0,0,0,0,0,0,0,0,0,0,0,0,0,0,0,0,0,0,0,0,0,0,0,0,0,0,0,0,0,0,0,0,0,0,0,-0.13736056,0.6868028,0,0,0,0,0,0,0,0]"
d06efa46-c3a7-4bf7-a42f-4680c295f3d2,mobile-banking,C-SITE,CSITE-C1,783ef4aaa77cd15ec53d698ee2267fdef740657a5ec48931c680de4ca9a0bb89,"[0,0,0,0,-0.34815532,0,0,0,0,0,0,0,0,0,0,0,0,0,0.17407766,0,0,0,0,0,0,0,0,0,0,0,0,0,0,0,0,0,0,0,0,0,0,0,0,0,0,0,0,0,0,0.34815532,0.17407766,0,0,0,0,0,0,0,0,0,0,0,0,0,0,0,0,0,0,0,0,0,0,0,0,0,0,0,0,0.34815532,0,0,-0.17407766,0,0,0,0,0,0,0,0,0,0,0,0,0,0,0,0,0,0,0,0,0,0,0,0,0,0,0,0,0,0,0,0,0,0,0,0,0,0,0,-0.17407766,0,0,0,0,0,0,0,0,0,0,0,0,0,0,0,0,0,0,0,0,0,0,0,0,0.34815532,0,0,0,0,0,0,0,0,-0.17407766,0,0,0,0,0,0,0,0,0,0,0,0,0,0,0,-0.17407766,0,0,0,0,0,0,0,0,0,0,0,0.52223295,0,0,0,0,0,0,0,0,0.17407766,0,0,0,0,0,0,0,0,0,0,0,0,0,0,0,0,0,0,0,0,0,0,0,0,0,0,0,0,0,0,0,0,0,0,0,0,0,0,0,0,0,0,0,0,0,0,0,0,0,0,0,0,-0.17407766,0,0,0,0,0,0,0,0,0]"
b13c0d78-5dea-4f99-93bc-79a91d7e1615,mobile-banking,DPSC,DPSC-C1,aed217d5f29c3399102b89792765d3b0b38690f68906b4a9c1a18ff24f45c363,"[0,0,0,0,0,0,0,0,0,0,0,0,0,0,0,0,0,0,0.1490712,0,0,0,0,0,0,0,0,0,0,0,0,0,0,0,0,0,0,0,0,0,0,0,0,0,0,0,0,0,0,0.2981424,0.1490712,0,0,0,0,0,0,0,0,0,0,0,0,0,0,0,0,0,0,0,0,0,0,0,0,0,0,0,0,0.2981424,0,0,-0.1490712,0,0,0,0,0,0,0,0,0,0,0,0,0,0,0,0,0,0,0,0,0,0,0,0,0,0,0,0,0,0,0,0,0,0,0,0,0,0,0,-0.1490712,0,0,0,0,0,0,0,0,0,0,0,0,0,0,0,0,0,0,0,0,0,0,0,0,0.2981424,0,0,0,0,0,0,0,0,-0.1490712,0,0,0,0,0,0,0,0,0,0,0,0,0,0,0,-0.1490712,0,0,0,0,0,0,0,0,0,0,0,0,0,0,0,0,0,0,0,0,0.1490712,0,0,0,0,0,0,0,0,0,0,0,0,0,0,0,0,0,0,0,0,0,0,0,0,0,0,0,0,0,0,0,0,0,0,0,0,0,0,0,0,0,0,0,0,0,0,0,0,0,0,0,0,-0.1490712,0.74535596,0,0,0,0,0,0,0,0]"
b3c50d08-3be7-4209-a1b4-9abdfbef50fd,net-banking,C-SITE,CSITE-C1,827c7752d1242e5d77e996f9b8815b070d627639d2fbd1be07c0290ba1c8fdee,"[0,0,0,0,-0.34815532,0,0,0,0,0,0,0,0,0,0,-0.17407766,0,0,0.17407766,0,0,0,0,0,0,0,0,0,0,0,0,0,0,0,0,0,0,0,0,0,0,0,0,0,0,0,0,0,0,0.34815532,0.17407766,0,0,0,0,0,0,0,0,0,0,0,0,0,0,0,0,0,0,0,0,0,0,0,0,0,0,0,0,0.34815532,0,0,-0.17407766,0,0,0,0,0,0,0,0,0,0,0,0,0,0,0,0,0,0,0,0,0,0,0,0,0,0,0,0,0,0,0,0,0,0,0,0,0,0,0,-0.17407766,0,0,0,0,0,0,0,0,0,0,0,0,0,0,0,0,0,0,0,0,0,0,0,0,0.34815532,0,0,0,0,0,0,0,0,-0.17407766,0,0,0,0,0,0,0,0,0,0,0,0,0,0,0,-0.17407766,0,0,0,0,0,0,0,0,0,0,0,0.52223295,0,0,0,0,0,0,0,0,0,0,0,0,0,0,0,0,0,0,0,0,0,0,0,0,0,0,0,0,0,0,0,0,0,0,0,0,0,0,0,0,0,0,0,0,0,0,0,0,0,0,0,0,0,0,0,0,0,0,0,0,0,-0.17407766,0,0,0,0,0,0,0,0,0]"
4d42c974-565b-4c8f-8340-d5b21f6db14b,net-banking,DPSC,DPSC-C1,6ec6e97ca03291586e5002d99652d2e8d795262255fc648a99703bbd746e5a2c,"[0,0,0,0,0,0,0,0,0,0,0,0,0,0,0,-0.1490712,0,0,0.1490712,0,0,0,0,0,0,0,0,0,0,0,0,0,0,0,0,0,0,0,0,0,0,0,0,0,0,0,0,0,0,0.2981424,0.1490712,0,0,0,0,0,0,0,0,0,0,0,0,0,0,0,0,0,0,0,0,0,0,0,0,0,0,0,0,0.2981424,0,0,-0.1490712,0,0,0,0,0,0,0,0,0,0,0,0,0,0,0,0,0,0,0,0,0,0,0,0,0,0,0,0,0,0,0,0,0,0,0,0,0,0,0,-0.1490712,0,0,0,0,0,0,0,0,0,0,0,0,0,0,0,0,0,0,0,0,0,0,0,0,0.2981424,0,0,0,0,0,0,0,0,-0.1490712,0,0,0,0,0,0,0,0,0,0,0,0,0,0,0,-0.1490712,0,0,0,0,0,0,0,0,0,0,0,0,0,0,0,0,0,0,0,0,0,0,0,0,0,0,0,0,0,0,0,0,0,0,0,0,0,0,0,0,0,0,0,0,0,0,0,0,0,0,0,0,0,0,0,0,0,0,0,0,0,0,0,0,0,0,0,0,0,0,0,0,0,-0.1490712,0.74535596,0,0,0,0,0,0,0,0]"
e9ed3d7a-7dee-41c6-aad6-5dbab9c63073,payments,C-SITE,CSITE-C1,1abc3533116ce693ee478dfa792c7a6b65a854211d993a1b19912277619af6f9,"[0,0,0,0,-0.34299716,0,0,0,0,0,0,0,0,0,0,0,0,0,0.17149858,0,0,0,0,0,0,0,0,0,0,0,0,0,0,0,0,0,0,0,0,0,0,0,0,0,0,0,0,0,0,0.34299716,0.17149858,0,0,0,0,0,0,0,0,0,0,0,0,0,0,0,0,0,0,0,0,0,0,0,-0.17149858,0,0,0,0,0.34299716,0,0,-0.17149858,0,0,0,0,0,0,0,0,0,0,0,0,0,0,0,0,0,0,0,0,0,0,0,0,0,0,0,0,0,0,0,0,0,0,0,0,0,0,0,-0.17149858,0,0,0,0,0,0,0,0,0,0,0,0,0,0,0,0,0,0,0,0,0,0,0,0,0.34299716,0,0,0,0,0,0,0,-0.17149858,-0.17149858,0,0,0,0,0,0,0,0,0,0,0,0,0,0,0,-0.17149858,0,0,0,0,0,0,0,0,0,0,0,0.51449573,0,0,0,0,0,0,0,0,0,0,0,0,0,0,0,0,0,0,0,0,0,0,0,0,0,0,0,0,0,0,0,0,0,0,0,0,0,0,0,0,0,0,0,0,0,0,0,0,0,0,0,0,0,0,0,0,0,0,0,0,0,-0.17149858,0,0,0,0,0,0,0,0,0]"
a6f2b1a1-98ef-4dcd-b60f-c070c6beac6d,payments,DPSC,DPSC-C1,73cb6a18484e02dd0ae4816618b217fedfe455beaf581464a8305cf9d359b4fb,"[0,0,0,0,0,0,0,0,0,0,0,0,0,0,0,0,0,0,0.14744195,0,0,0,0,0,0,0,0,0,0,0,0,0,0,0,0,0,0,0,0,0,0,0,0,0,0,0,0,0,0,0.2948839,0.14744195,0,0,0,0,0,0,0,0,0,0,0,0,0,0,0,0,0,0,0,0,0,0,0,-0.14744195,0,0,0,0,0.2948839,0,0,-0.14744195,0,0,0,0,0,0,0,0,0,0,0,0,0,0,0,0,0,0,0,0,0,0,0,0,0,0,0,0,0,0,0,0,0,0,0,0,0,0,0,-0.14744195,0,0,0,0,0,0,0,0,0,0,0,0,0,0,0,0,0,0,0,0,0,0,0,0,0.2948839,0,0,0,0,0,0,0,-0.14744195,-0.14744195,0,0,0,0,0,0,0,0,0,0,0,0,0,0,0,-0.14744195,0,0,0,0,0,0,0,0,0,0,0,0,0,0,0,0,0,0,0,0,0,0,0,0,0,0,0,0,0,0,0,0,0,0,0,0,0,0,0,0,0,0,0,0,0,0,0,0,0,0,0,0,0,0,0,0,0,0,0,0,0,0,0,0,0,0,0,0,0,0,0,0,0,-0.14744195,0.7372098,0,0,0,0,0,0,0,0]"
b3a1d88e-020e-4b35-a662-a4a679109df4,mobile-banking,DB_BASELINING,DBBL-C8,d8d04caa5d8ba651c52d038e21b31d220902b91ff93a93de1cd92cd27a3dd7bd,"[0,0,0,0,0,0,0,-0.1118034,0,0,0,0,0,0,0,0,0,0,0,0,0,0,0,0,0,0,0,0,0,0,-0.2236068,0,0,0,0,0,0,0.4472136,0,0,0,0,0,0,0,0,0,0,0.1118034,0,0.2236068,0,0,0,0,0,0,0,0,0,0,0.1118034,0,0,0,0,0,0,0,0,0,0,0,0,0,0,0,0,0,0,0,0,-0.1118034,0,0,0,0,0,0,0,0,0,0,0,0,0,0,0,0,0,0,0,0,-0.1118034,0.3354102,0,0,0,0,0,0,0,0,0,0,0,0,0,0,0,-0.1118034,0,0,0,0,0,-0.1118034,0,0,0,0,0,0,0,0,0,0,0,0,0,0,0,0,0,0,0,0,0,0,0,0,0,0,0,0,0.1118034,0,0,0,0,0,0,0,0,0.1118034,0,0,0,-0.3354102,0,0,0,-0.1118034,0.1118034,0,0,-0.1118034,0,0,0,0.1118034,0,0,0,-0.1118034,0,0,0,0,0,0,0,-0.1118034,0.4472136,0,0,0,0,0,0,0,0,0,0,0,0,0,0,0,0,0,0,0,0,0,0,0,0,0,0,0,0,0,0,0,0,0,0,0,0,0,0,0,0,0,0,0,0,0.1118034,0,-0.2236068,0,0,0,0,0,-0.1118034,0,0,0,0,0,0,-0.1118034,0,0]"
2638071f-afd4-4024-bbe1-0901e8cad8cb,mobile-banking,DB_BASELINING,DBBL-C9,9492d4a8f7b9b6f761a459a95d345471497dc38b56d4334ecf0b5ca7803febc6,"[0,0,0,0,0,0,0,0,0,0,0,0,0,0,0,0,0,0,0,0,0,0,0,0,0,0,0,0,0,0,-0.2264554,0,0,0,0,0,0,0.4529108,0,0,0,0,0,0,0,0,0,0,0.1132277,0,0.2264554,0,0,0,0,-0.1132277,0,0,0,0,0,0.1132277,0,0,0,0,0,0,0,0,0,0,0,0,0,0.33968312,0,0,0,0,0,0,-0.1132277,0,0,0,0,0,0,0,0,0,0,0,0,0,0,0,0,0,0,0,0,0,0.33968312,0,0,0,0,0,0,0,0,0,0,0,0,0,0,0,-0.1132277,0,0,0,0,0,0,0,0,0,0,0,0,0,0,0,0,0,0,0,0,0,0,0,0,0,0,0,0,0,0,0,-0.1132277,0,0,0.1132277,0,0,0,0,0,0,0,0,0.1132277,0,0,0,0,0,0,0,-0.1132277,0.1132277,0,0,-0.2264554,0,0,0,0.1132277,0,0,0,0,0,0,0,0,0,0,0,-0.1132277,0.4529108,0,0,0,0,0,0,0,0,0,0,0,0,0,0,0,0,0,0,0,0,0,0,0,0,0,0,0,0,0,0,0,0,0,0,0,0,0,0,0,0,0,0,0,0,0.1132277,0,-0.1132277,0,0,0,0,0,-0.1132277,0,0,0,0,0,0,-0.1132277,0,0]"
ebc65e95-248e-4b94-8dc6-39dcbf482ee7,mobile-banking,DB_BASELINING,DBBL-C4,3cadfc5362397d6d076269c19a1a8c7dc81ee24a9a7baed0d2d6714cc27af491,"[0,0,0,0,0,0,0,0,0,0,0,0,0,0,0,0,0,0,0.107211255,0,0,0,0,0,0,0,0,0,0,0,0,0,0,0,0,0,0,0.42884502,0,0,0,0,0,0,0,0,0,0,0.107211255,0,0.21442251,0,0,0,0,0,0,0,0,0,0,0.107211255,0,0,0,0,0,0,0,0,0,0.21442251,-0.107211255,0,0,0,0,0,0,0,0,0,-0.107211255,0,0,0,0,0,0,0,0,0,0,0,0,0,0,0,0,0,0,0,0,0,0.32163376,0,0,0,0,0,0,0,0,0,0,0,0,0,0,0,-0.107211255,0,0,0,0,0,0,0,0,0,0,0,0,0,0,0,0,0,0,0,0,0,0,0,0,0,0,0,0,0,0,0,0,0,0,0.107211255,0,0,0,0,0,0,0,-0.32163376,0.107211255,0,0,0,0,0,0,0,-0.107211255,0.107211255,0,0,-0.107211255,0,0,0,0.107211255,0,0,0,0,0,0,0,0,0,0,0,-0.107211255,0.42884502,0,0,0,0,0,0,0,0,0,0,0,0,0,0,0,0,0,0,0,0,0,0,0,0,0,0,0,0,0,0,0,0,0,0,0,0,0,0,0,0,-0.21442251,0,0,0,0.107211255,0,-0.21442251,0,0,0,0,0.21442251,-0.107211255,0,0,0,-0.107211255,0,0,-0.107211255,0,0]"
ea1bdaa0-0341-405a-b321-76942d6282f4,mobile-banking,DB_BASELINING,DBBL-C11,16178364d64734d49ec30e9f5450e05f71bf57eb48a6e933399aae47b40c5974,"[0,0,0,0,0,0,0,0,0,0,0,0,0,0,0,0,0,0,0,0,0,0,0,0,0,0,0,0,0,0,0,0,0,0,0,0,0,0.4529108,0,0,0,0,0,0,0,0,0,0,0.1132277,0,0.2264554,0,0,0,0,0,0,0,0,0,0,0.1132277,0,0,0,0,0,0,0,0,0,0,0,0,0.1132277,-0.1132277,0,0,0,0,0,0,-0.1132277,0,0,0,0,0,0,0,0,0,0,0,0,0,0,0,0,0,0,0,0,0,0.33968312,0,0,0,0,0,0,0,0,0,0,0,0,0,0,0,-0.1132277,0,0,0,0,0,0,0,0,0,0,0,0,0,0,0,0,0,0,0,0,0,0,0,0,0,0,0,0,0,0,0,0,0,0,0.1132277,0,0,0,0,0,0,0,0,0.1132277,0,0,0,0,0,0,0,-0.1132277,0.1132277,0,0,-0.2264554,0,0,0,0.1132277,0,0.1132277,0,0,0,0,0,0,0,0,0,-0.1132277,0.4529108,0,0,0,0,0,0,0,0,0,0,0,0,0,0,0,0,0,0,0,0,0,0,0,0,0,0,0,0,0,0,0,0,0,0,0,0,0,0,0,0,0,0,0,0,0.1132277,0,-0.2264554,0,0,0,0,0,-0.1132277,0,0,-0.33968312,0,0,0,-0.1132277,0,0]"
50ce9475-2f00-48d6-9ca1-318b52b8d75d,net-banking,DB_BASELINING,DBBL-C8,92ac9749cab792ef4a7b1ad62305e37b0d626ef4c853dd48d1fee78288ee990b,"[0,0,0,0,0,0,0,-0.11624764,0,0,0,0,0,0,0,-0.11624764,0,0,0,0,0,0,0,0,0,0,0,0,0,0,-0.23249528,0,0,0,0,0,0,0.46499056,0,0,0,0,0,0,0,0,0,0,0.11624764,0,0.23249528,0,0,0,0,0,0,0,0,0,0,0.11624764,0,0,0,0,0,0,0,0,0,0,0,0,0,0,0,0,0,0,0,0,-0.11624764,0,0,0,0,0,0,0,0,0,0,0,0,0,0,0,0,0,0,0,0,-0.11624764,0.3487429,0,0,0,0,0,0,0,0,0,0,0,0,0,0,0,-0.11624764,0,0,0,0,0,-0.11624764,0,0,0,0,0,0,0,0,0,0,0,0,0,0,0,0,0,0,0,0,0,0,0,0,0,0,0,0,0.11624764,0,0,0,0,0,0,0,0,0.11624764,0,0,0,-0.3487429,0,0,0,-0.11624764,0.11624764,0,0,-0.11624764,0,0,0,0.11624764,0,0,0,-0.11624764,0,0,0,0,0,0,0,-0.11624764,0.3487429,0,0,0,0,0,0,0,0,0,0,0,0,0,0,0,0,0,0,0,0,0,0,0,0,0,0,0,0,0,0,0,0,0,0,0,0,0,0,0,0,0,0,0,0,0.11624764,0,-0.23249528,0,0,0,0,0,-0.11624764,0,0,0,0,0,0,-0.11624764,0,0]"
3f959102-21cd-4513-8cea-71654bff8719,net-banking,DB_BASELINING,DBBL-C9,2c19052590f7090058442fc01cceafef67376200df0befd610883ceb5874c01e,"[0,0,0,0,0,0,0,0,0,0,0,0,0,0,0,-0.11785113,0,0,0,0,0,0,0,0,0,0,0,0,0,0,-0.23570226,0,0,0,0,0,0,0.47140452,0,0,0,0,0,0,0,0,0,0,0.11785113,0,0.23570226,0,0,0,0,-0.11785113,0,0,0,0,0,0.11785113,0,0,0,0,0,0,0,0,0,0,0,0,0,0.35355338,0,0,0,0,0,0,-0.11785113,0,0,0,0,0,0,0,0,0,0,0,0,0,0,0,0,0,0,0,0,0,0.35355338,0,0,0,0,0,0,0,0,0,0,0,0,0,0,0,-0.11785113,0,0,0,0,0,0,0,0,0,0,0,0,0,0,0,0,0,0,0,0,0,0,0,0,0,0,0,0,0,0,0,-0.11785113,0,0,0.11785113,0,0,0,0,0,0,0,0,0.11785113,0,0,0,0,0,0,0,-0.11785113,0.11785113,0,0,-0.23570226,0,0,0,0.11785113,0,0,0,0,0,0,0,0,0,0,0,-0.11785113,0.35355338,0,0,0,0,0,0,0,0,0,0,0,0,0,0,0,0,0,0,0,0,0,0,0,0,0,0,0,0,0,0,0,0,0,0,0,0,0,0,0,0,0,0,0,0,0.11785113,0,-0.11785113,0,0,0,0,0,-0.11785113,0,0,0,0,0,0,-0.11785113,0,0]"
14635e22-fef1-4dbb-9ebb-855237f9bd92,net-banking,DB_BASELINING,DBBL-C4,04bf56c59cf2e050f1283a4a0849693ce64c5e3dd6acee2b5443c2ac314f2d8a,"[0,0,0,0,0,0,0,0,0,0,0,0,0,0,0,-0.11111111,0,0,0.11111111,0,0,0,0,0,0,0,0,0,0,0,0,0,0,0,0,0,0,0.44444445,0,0,0,0,0,0,0,0,0,0,0.11111111,0,0.22222222,0,0,0,0,0,0,0,0,0,0,0.11111111,0,0,0,0,0,0,0,0,0,0.22222222,-0.11111111,0,0,0,0,0,0,0,0,0,-0.11111111,0,0,0,0,0,0,0,0,0,0,0,0,0,0,0,0,0,0,0,0,0,0.33333334,0,0,0,0,0,0,0,0,0,0,0,0,0,0,0,-0.11111111,0,0,0,0,0,0,0,0,0,0,0,0,0,0,0,0,0,0,0,0,0,0,0,0,0,0,0,0,0,0,0,0,0,0,0.11111111,0,0,0,0,0,0,0,-0.33333334,0.11111111,0,0,0,0,0,0,0,-0.11111111,0.11111111,0,0,-0.11111111,0,0,0,0.11111111,0,0,0,0,0,0,0,0,0,0,0,-0.11111111,0.33333334,0,0,0,0,0,0,0,0,0,0,0,0,0,0,0,0,0,0,0,0,0,0,0,0,0,0,0,0,0,0,0,0,0,0,0,0,0,0,0,0,-0.22222222,0,0,0,0.11111111,0,-0.22222222,0,0,0,0,0.22222222,-0.11111111,0,0,0,-0.11111111,0,0,-0.11111111,0,0]"
58f5c8fb-f2d7-4e70-a967-47c9ae56f87a,net-banking,DB_BASELINING,DBBL-C11,56db738fba1fa009fb38f13c7ac6c66f5aac57085b10b63945b32a21a2733689,"[0,0,0,0,0,0,0,0,0,0,0,0,0,0,0,-0.11785113,0,0,0,0,0,0,0,0,0,0,0,0,0,0,0,0,0,0,0,0,0,0.47140452,0,0,0,0,0,0,0,0,0,0,0.11785113,0,0.23570226,0,0,0,0,0,0,0,0,0,0,0.11785113,0,0,0,0,0,0,0,0,0,0,0,0,0.11785113,-0.11785113,0,0,0,0,0,0,-0.11785113,0,0,0,0,0,0,0,0,0,0,0,0,0,0,0,0,0,0,0,0,0,0.35355338,0,0,0,0,0,0,0,0,0,0,0,0,0,0,0,-0.11785113,0,0,0,0,0,0,0,0,0,0,0,0,0,0,0,0,0,0,0,0,0,0,0,0,0,0,0,0,0,0,0,0,0,0,0.11785113,0,0,0,0,0,0,0,0,0.11785113,0,0,0,0,0,0,0,-0.11785113,0.11785113,0,0,-0.23570226,0,0,0,0.11785113,0,0.11785113,0,0,0,0,0,0,0,0,0,-0.11785113,0.35355338,0,0,0,0,0,0,0,0,0,0,0,0,0,0,0,0,0,0,0,0,0,0,0,0,0,0,0,0,0,0,0,0,0,0,0,0,0,0,0,0,0,0,0,0,0.11785113,0,-0.23570226,0,0,0,0,0,-0.11785113,0,0,-0.35355338,0,0,0,-0.11785113,0,0]"
7845f89e-2788-4b03-a893-1cd789b9eb89,payments,DB_BASELINING,DBBL-C8,dd01e19ecc25766f9c9d85b1d47f6c600b4f1a775bcc58b6a1d9dda963affdc6,"[0,0,0,0,0,0,0,-0.11704115,0,0,0,0,0,0,0,0,0,0,0,0,0,0,0,0,0,0,0,0,0,0,-0.2340823,0,0,0,0,0,0,0.4681646,0,0,0,0,0,0,0,0,0,0,0.11704115,0,0.2340823,0,0,0,0,0,0,0,0,0,0,0.11704115,0,0,0,0,0,0,0,0,0,0,0,0,-0.11704115,0,0,0,0,0,0,0,-0.11704115,0,0,0,0,0,0,0,0,0,0,0,0,0,0,0,0,0,0,0,0,-0.11704115,0.35112345,0,0,0,0,0,0,0,0,0,0,0,0,0,0,0,-0.11704115,0,0,0,0,0,-0.11704115,0,0,0,0,0,0,0,0,0,0,0,0,0,0,0,0,0,0,0,0,0,0,0,0,0,0,0,0,0,0,0,0,0,0,0,0,0,0.11704115,0,0,0,-0.35112345,0,0,0,-0.11704115,0.11704115,0,0,-0.11704115,0,0,0,0.11704115,0,0,0,-0.11704115,0,0,0,0,0,0,0,-0.11704115,0.35112345,0,0,0,0,0,0,0,0,0,0,0,0,0,0,0,0,0,0,0,0,0,0,0,0,0,0,0,0,0,0,0,0,0,0,0,0,0,0,0,0,0,0,0,0,0.11704115,0,-0.2340823,0,0,0,0,0,-0.11704115,0,0,0,0,0,0,-0.11704115,0,0]"
204907b7-731a-4dd3-b402-fd7ed4b990e0,payments,DB_BASELINING,DBBL-C9,06ff55c29115c61b546360852fd8610bb98ebd4394bc8c45d2fda705dcf977a4,"[0,0,0,0,0,0,0,0,0,0,0,0,0,0,0,0,0,0,0,0,0,0,0,0,0,0,0,0,0,0,-0.23735633,0,0,0,0,0,0,0.47471267,0,0,0,0,0,0,0,0,0,0,0.11867817,0,0.23735633,0,0,0,0,-0.11867817,0,0,0,0,0,0.11867817,0,0,0,0,0,0,0,0,0,0,0,0,-0.11867817,0.3560345,0,0,0,0,0,0,-0.11867817,0,0,0,0,0,0,0,0,0,0,0,0,0,0,0,0,0,0,0,0,0,0.3560345,0,0,0,0,0,0,0,0,0,0,0,0,0,0,0,-0.11867817,0,0,0,0,0,0,0,0,0,0,0,0,0,0,0,0,0,0,0,0,0,0,0,0,0,0,0,0,0,0,0,-0.11867817,0,0,0,0,0,0,0,0,0,0,0,0.11867817,0,0,0,0,0,0,0,-0.11867817,0.11867817,0,0,-0.23735633,0,0,0,0.11867817,0,0,0,0,0,0,0,0,0,0,0,-0.11867817,0.3560345,0,0,0,0,0,0,0,0,0,0,0,0,0,0,0,0,0,0,0,0,0,0,0,0,0,0,0,0,0,0,0,0,0,0,0,0,0,0,0,0,0,0,0,0,0.11867817,0,-0.11867817,0,0,0,0,0,-0.11867817,0,0,0,0,0,0,-0.11867817,0,0]"
6137b40c-4c21-4120-a9f6-e460afe63b6a,payments,DB_BASELINING,DBBL-C4,9c9d7278c16132d6c3d086a90cbde8612b40aaf65ae732e44062703d0994f97f,"[0,0,0,0,0,0,0,0,0,0,0,0,0,0,0,0,0,0,0.1118034,0,0,0,0,0,0,0,0,0,0,0,0,0,0,0,0,0,0,0.4472136,0,0,0,0,0,0,0,0,0,0,0.1118034,0,0.2236068,0,0,0,0,0,0,0,0,0,0,0.1118034,0,0,0,0,0,0,0,0,0,0.2236068,-0.1118034,0,-0.1118034,0,0,0,0,0,0,0,-0.1118034,0,0,0,0,0,0,0,0,0,0,0,0,0,0,0,0,0,0,0,0,0,0.3354102,0,0,0,0,0,0,0,0,0,0,0,0,0,0,0,-0.1118034,0,0,0,0,0,0,0,0,0,0,0,0,0,0,0,0,0,0,0,0,0,0,0,0,0,0,0,0,0,0,0,0,0,0,0,0,0,0,0,0,0,0,-0.3354102,0.1118034,0,0,0,0,0,0,0,-0.1118034,0.1118034,0,0,-0.1118034,0,0,0,0.1118034,0,0,0,0,0,0,0,0,0,0,0,-0.1118034,0.3354102,0,0,0,0,0,0,0,0,0,0,0,0,0,0,0,0,0,0,0,0,0,0,0,0,0,0,0,0,0,0,0,0,0,0,0,0,0,0,0,0,-0.2236068,0,0,0,0.1118034,0,-0.2236068,0,0,0,0,0.2236068,-0.1118034,0,0,0,-0.1118034,0,0,-0.1118034,0,0]"
d145222d-a9d9-4eb7-872d-ad4c54926611,payments,DB_BASELINING,DBBL-C11,bacad32b8dbc386992261e38ecb089a3a3d7b58a99884d47fdc87b7ee8691fb3,"[0,0,0,0,0,0,0,0,0,0,0,0,0,0,0,0,0,0,0,0,0,0,0,0,0,0,0,0,0,0,0,0,0,0,0,0,0,0.48154342,0,0,0,0,0,0,0,0,0,0,0.120385855,0,0.24077171,0,0,0,0,0,0,0,0,0,0,0.120385855,0,0,0,0,0,0,0,0,0,0,0,0,0,-0.120385855,0,0,0,0,0,0,-0.120385855,0,0,0,0,0,0,0,0,0,0,0,0,0,0,0,0,0,0,0,0,0,0.36115757,0,0,0,0,0,0,0,0,0,0,0,0,0,0,0,-0.120385855,0,0,0,0,0,0,0,0,0,0,0,0,0,0,0,0,0,0,0,0,0,0,0,0,0,0,0,0,0,0,0,0,0,0,0,0,0,0,0,0,0,0,0,0.120385855,0,0,0,0,0,0,0,-0.120385855,0.120385855,0,0,-0.24077171,0,0,0,0.120385855,0,0.120385855,0,0,0,0,0,0,0,0,0,-0.120385855,0.36115757,0,0,0,0,0,0,0,0,0,0,0,0,0,0,0,0,0,0,0,0,0,0,0,0,0,0,0,0,0,0,0,0,0,0,0,0,0,0,0,0,0,0,0,0,0.120385855,0,-0.24077171,0,0,0,0,0,-0.120385855,0,0,-0.36115757,0,0,0,-0.120385855,0,0]"
2d25431d-ae1a-4d47-8f18-c5405d7f843f,mobile-banking,DB_BASELINING,DBBL-C8,d14ae40be0e0d77eebae8af4cf42910a53bac4a154862927994258e2e9a20259,"[0,0,0,0,0,0.107832775,0,-0.107832775,0,0,0,0,0,0,0,0,0,0,0,0,0,0,0,0,0,0,0,0,0,0,-0.21566555,0,0,0,0,0,0,0.4313311,0,0,0,0,0,0,0,0,0,0,0.107832775,0,0.21566555,0,0,0,0,0,0,0,0,0,0,0.107832775,0,0,0,0,0,0,0,0,0,0,0,0,0,0,0,0,0,0,0,0,-0.107832775,0,0,0,0,0,0,0,0,0,0,0,0,0,0,0,0,0,0,0,0,-0.107832775,0.4313311,0,0,0,0,0,0,0,0,0,0,0,0,0,0,0,-0.107832775,0,0,0,0,0,-0.107832775,0,0,0,0,0,0,0,0,0,0,0,0,0,0,0,0,0,0,0,0,0,0,0,0,0,0,0,0,0.107832775,0,0,0,0,0,0,0,0,0.107832775,0,0,0,-0.3234983,0,0,0,-0.107832775,0.107832775,0,0,-0.107832775,0,0,0,0,0,0,0,-0.107832775,0,0,0,0,0,0,0,0,0.4313311,0,0,0,0,0,0,0,0,0,0,0,0,0,0,0,0,0,0,0,0,0,0,0,0,0,0,0,0,0,0,0,0,0,0,0,0,0,0,0,0,0,0,0,0,0.107832775,0,-0.21566555,0,0,0,0,0,-0.107832775,0,0,0,0,0,0,-0.107832775,0,0]"
e5c38ec3-2390-4b3d-8556-0bb1b2315c2b,mobile-banking,DB_BASELINING,DBBL-C9,8a73c62058e826f06ee09438a4c85bd9f5bac47c4de58253c394c969908ae8ca,"[0,0,0,0,0,0.10660036,0,0,0,0,0,0,0,0,0,0,0,0,0,0,0,0,0,0,0,0,0,0,0,0,0,0,0,0,0,0,0,0.42640144,0,0,0,0,0,0,0,0,0,0,0.10660036,0,0.21320072,0,0,0,0,-0.10660036,0,0,0,0,0,0.10660036,0,0,0,0,0,0,0,0,0,0,0,0,0,0.31980106,0,0,0,0,0,0,-0.10660036,0,0,0,0,0,0,0,0,0,0,0,0,0,0,0,0,0,0,0,0,0,0.42640144,0,0,0,0,0,0,0,0,0,0,0,0,0,0,0,-0.10660036,0,0,0,0,0,0,0,0,0,0,0,0,0,0,0,0,0,0,0,0,0,0,0,0,0,0,0,0,0,0,0,-0.10660036,0,0,0.10660036,0,0,0,0,0,0,0,0,0.31980106,0,0,0,0,0,0,0,-0.10660036,0.10660036,0,0,-0.21320072,0,0,0,0,0,0,0,0,0,0,0,0,0,0,0,0,0.42640144,0,0,0,0,0,0,0,0,0,0,0,0,0,0,0,0,0,0,0,0,0,0,0,0,0,0,0,0,0,0,0,0,0,0,0,0,0,0,0,0,0,0,0,0,0.10660036,0,-0.10660036,0,0,0,0,0,-0.10660036,0,0,0,0,0,0,-0.10660036,0,0]"
2e1662da-8d48-45e5-8978-6b6825c4477b,mobile-banking,DB_BASELINING,DBBL-C12,b22405775379fdf900b59e052a023f1d0280525486f6d5624ce5b6a6d445c327,"[0,0,0,0,0,0.104828484,0,0,0,0,0,0,0,0,0,0,0,0,0,0,0,0,0,0,0,0,0,0,0,0,0,0,0,0,0,0,0,0.41931394,0,0,0,0,0,0,0,0,0,0,0.104828484,0,0.20965697,0,0,0.104828484,0,0,0,0,0,0,0,0.104828484,0,0,0,0,0,0,0,0,0,0,0,0,0,0,0,0,0,0.104828484,0,0,-0.104828484,0,0,0,0,0,0,0,0,0,0,0,0,0,0,0,0.104828484,0,0,0,-0.20965697,0,0.41931394,0,0,0,0,0,0,0,0,0,0,0,0,0,0,0,-0.104828484,0,0,0,0,0,0,0,0,0,0,0,0,0,0,0,0,0,0,0,0,0,-0.104828484,0,0,0,0,0,0,0,0,0,0,0,0,0.104828484,0,0,0,0,0,0,0.104828484,0,0.104828484,0,0,0,0,0,0,0,-0.104828484,0.104828484,0,0,-0.104828484,0,0,0,0,0.31448546,0,0,0,0,0,0,0,0,0,0,0,0.41931394,0,0,0,0,0,0,0,0,0,0,0,0,0,0,0,0,0,0,0,0,0,0,0,0,0,0,0,0,0,0,0,0,0,0,0,0,0,0,0,0,0,0,0,0,0.104828484,0,-0.20965697,0,0,0,0,0,-0.20965697,0,0,0,-0.104828484,0,0,-0.104828484,0,0]"
6ebb1860-daa6-478b-ac7f-ff1479828f99,net-banking,DB_BASELINING,DBBL-C8,3b4c2d57b2847b4b18414def3a210ed366a617a287d254921132f06737390bb0,"[0,0,0,0,0,0.1118034,0,-0.1118034,0,0,0,0,0,0,0,-0.1118034,0,0,0,0,0,0,0,0,0,0,0,0,0,0,-0.2236068,0,0,0,0,0,0,0.4472136,0,0,0,0,0,0,0,0,0,0,0.1118034,0,0.2236068,0,0,0,0,0,0,0,0,0,0,0.1118034,0,0,0,0,0,0,0,0,0,0,0,0,0,0,0,0,0,0,0,0,-0.1118034,0,0,0,0,0,0,0,0,0,0,0,0,0,0,0,0,0,0,0,0,-0.1118034,0.4472136,0,0,0,0,0,0,0,0,0,0,0,0,0,0,0,-0.1118034,0,0,0,0,0,-0.1118034,0,0,0,0,0,0,0,0,0,0,0,0,0,0,0,0,0,0,0,0,0,0,0,0,0,0,0,0,0.1118034,0,0,0,0,0,0,0,0,0.1118034,0,0,0,-0.3354102,0,0,0,-0.1118034,0.1118034,0,0,-0.1118034,0,0,0,0,0,0,0,-0.1118034,0,0,0,0,0,0,0,0,0.3354102,0,0,0,0,0,0,0,0,0,0,0,0,0,0,0,0,0,0,0,0,0,0,0,0,0,0,0,0,0,0,0,0,0,0,0,0,0,0,0,0,0,0,0,0,0.1118034,0,-0.2236068,0,0,0,0,0,-0.1118034,0,0,0,0,0,0,-0.1118034,0,0]"
1444e8f2-3e87-439b-a9c2-7c13e38a32ed,net-banking,DB_BASELINING,DBBL-C9,8e521c8154ac2c698a7fcaae6b033b66a067d5b19410e05cf55a619cb8821713,"[0,0,0,0,0,0.11043153,0,0,0,0,0,0,0,0,0,-0.11043153,0,0,0,0,0,0,0,0,0,0,0,0,0,0,0,0,0,0,0,0,0,0.44172612,0,0,0,0,0,0,0,0,0,0,0.11043153,0,0.22086306,0,0,0,0,-0.11043153,0,0,0,0,0,0.11043153,0,0,0,0,0,0,0,0,0,0,0,0,0,0.33129457,0,0,0,0,0,0,-0.11043153,0,0,0,0,0,0,0,0,0,0,0,0,0,0,0,0,0,0,0,0,0,0.44172612,0,0,0,0,0,0,0,0,0,0,0,0,0,0,0,-0.11043153,0,0,0,0,0,0,0,0,0,0,0,0,0,0,0,0,0,0,0,0,0,0,0,0,0,0,0,0,0,0,0,-0.11043153,0,0,0.11043153,0,0,0,0,0,0,0,0,0.33129457,0,0,0,0,0,0,0,-0.11043153,0.11043153,0,0,-0.22086306,0,0,0,0,0,0,0,0,0,0,0,0,0,0,0,0,0.33129457,0,0,0,0,0,0,0,0,0,0,0,0,0,0,0,0,0,0,0,0,0,0,0,0,0,0,0,0,0,0,0,0,0,0,0,0,0,0,0,0,0,0,0,0,0.11043153,0,-0.11043153,0,0,0,0,0,-0.11043153,0,0,0,0,0,0,-0.11043153,0,0]"
7e1e3dc9-4352-4590-9c1e-cfb1b79f38ac,net-banking,DB_BASELINING,DBBL-C12,8a5d865d433bdd09dc932ec43f6c50625723db285a4571aac89b248b56b7afaf,"[0,0,0,0,0,0.10846523,0,0,0,0,0,0,0,0,0,-0.10846523,0,0,0,0,0,0,0,0,0,0,0,0,0,0,0,0,0,0,0,0,0,0.43386093,0,0,0,0,0,0,0,0,0,0,0.10846523,0,0.21693046,0,0,0.10846523,0,0,0,0,0,0,0,0.10846523,0,0,0,0,0,0,0,0,0,0,0,0,0,0,0,0,0,0.10846523,0,0,-0.10846523,0,0,0,0,0,0,0,0,0,0,0,0,0,0,0,0.10846523,0,0,0,-0.21693046,0,0.43386093,0,0,0,0,0,0,0,0,0,0,0,0,0,0,0,-0.10846523,0,0,0,0,0,0,0,0,0,0,0,0,0,0,0,0,0,0,0,0,0,-0.10846523,0,0,0,0,0,0,0,0,0,0,0,0,0.10846523,0,0,0,0,0,0,0.10846523,0,0.10846523,0,0,0,0,0,0,0,-0.10846523,0.10846523,0,0,-0.10846523,0,0,0,0,0.32539567,0,0,0,0,0,0,0,0,0,0,0,0.32539567,0,0,0,0,0,0,0,0,0,0,0,0,0,0,0,0,0,0,0,0,0,0,0,0,0,0,0,0,0,0,0,0,0,0,0,0,0,0,0,0,0,0,0,0,0.10846523,0,-0.21693046,0,0,0,0,0,-0.21693046,0,0,0,-0.10846523,0,0,-0.10846523,0,0]"
ab922196-b3c3-4c14-a84a-9cb5a63fcce1,payments,DB_BASELINING,DBBL-C8,dcd09f8baa0a6617555d07bcb40768bcd249b7a1305218389b1891882693180d,"[0,0,0,0,0,0.11250879,0,-0.11250879,0,0,0,0,0,0,0,0,0,0,0,0,0,0,0,0,0,0,0,0,0,0,-0.22501758,0,0,0,0,0,0,0.45003515,0,0,0,0,0,0,0,0,0,0,0.11250879,0,0.22501758,0,0,0,0,0,0,0,0,0,0,0.11250879,0,0,0,0,0,0,0,0,0,0,0,0,-0.11250879,0,0,0,0,0,0,0,-0.11250879,0,0,0,0,0,0,0,0,0,0,0,0,0,0,0,0,0,0,0,0,-0.11250879,0.45003515,0,0,0,0,0,0,0,0,0,0,0,0,0,0,0,-0.11250879,0,0,0,0,0,-0.11250879,0,0,0,0,0,0,0,0,0,0,0,0,0,0,0,0,0,0,0,0,0,0,0,0,0,0,0,0,0,0,0,0,0,0,0,0,0,0.11250879,0,0,0,-0.33752638,0,0,0,-0.11250879,0.11250879,0,0,-0.11250879,0,0,0,0,0,0,0,-0.11250879,0,0,0,0,0,0,0,0,0.33752638,0,0,0,0,0,0,0,0,0,0,0,0,0,0,0,0,0,0,0,0,0,0,0,0,0,0,0,0,0,0,0,0,0,0,0,0,0,0,0,0,0,0,0,0,0.11250879,0,-0.22501758,0,0,0,0,0,-0.11250879,0,0,0,0,0,0,-0.11250879,0,0]"
37d30b12-3b06-475d-aa7c-29985f0c731e,payments,DB_BASELINING,DBBL-C9,d61ae43d25ea25dc86be336cd0d407b75090ee2beee82caa0ab95f8d68a01ef8,"[0,0,0,0,0,0.11111111,0,0,0,0,0,0,0,0,0,0,0,0,0,0,0,0,0,0,0,0,0,0,0,0,0,0,0,0,0,0,0,0.44444445,0,0,0,0,0,0,0,0,0,0,0.11111111,0,0.22222222,0,0,0,0,-0.11111111,0,0,0,0,0,0.11111111,0,0,0,0,0,0,0,0,0,0,0,0,-0.11111111,0.33333334,0,0,0,0,0,0,-0.11111111,0,0,0,0,0,0,0,0,0,0,0,0,0,0,0,0,0,0,0,0,0,0.44444445,0,0,0,0,0,0,0,0,0,0,0,0,0,0,0,-0.11111111,0,0,0,0,0,0,0,0,0,0,0,0,0,0,0,0,0,0,0,0,0,0,0,0,0,0,0,0,0,0,0,-0.11111111,0,0,0,0,0,0,0,0,0,0,0,0.33333334,0,0,0,0,0,0,0,-0.11111111,0.11111111,0,0,-0.22222222,0,0,0,0,0,0,0,0,0,0,0,0,0,0,0,0,0.33333334,0,0,0,0,0,0,0,0,0,0,0,0,0,0,0,0,0,0,0,0,0,0,0,0,0,0,0,0,0,0,0,0,0,0,0,0,0,0,0,0,0,0,0,0,0.11111111,0,-0.11111111,0,0,0,0,0,-0.11111111,0,0,0,0,0,0,-0.11111111,0,0]"
d86075ef-94bd-4fd3-b7d2-c388838878d8,payments,DB_BASELINING,DBBL-C12,0f51574859fa3e264797b6130f087a38b5f537a9fea26cf8414f9c586fb45e0e,"[0,0,0,0,0,0.10910895,0,0,0,0,0,0,0,0,0,0,0,0,0,0,0,0,0,0,0,0,0,0,0,0,0,0,0,0,0,0,0,0.4364358,0,0,0,0,0,0,0,0,0,0,0.10910895,0,0.2182179,0,0,0.10910895,0,0,0,0,0,0,0,0.10910895,0,0,0,0,0,0,0,0,0,0,0,0,-0.10910895,0,0,0,0,0.10910895,0,0,-0.10910895,0,0,0,0,0,0,0,0,0,0,0,0,0,0,0,0.10910895,0,0,0,-0.2182179,0,0.4364358,0,0,0,0,0,0,0,0,0,0,0,0,0,0,0,-0.10910895,0,0,0,0,0,0,0,0,0,0,0,0,0,0,0,0,0,0,0,0,0,-0.10910895,0,0,0,0,0,0,0,0,0,0,0,0,0,0,0,0,0,0,0,0.10910895,0,0.10910895,0,0,0,0,0,0,0,-0.10910895,0.10910895,0,0,-0.10910895,0,0,0,0,0.32732683,0,0,0,0,0,0,0,0,0,0,0,0.32732683,0,0,0,0,0,0,0,0,0,0,0,0,0,0,0,0,0,0,0,0,0,0,0,0,0,0,0,0,0,0,0,0,0,0,0,0,0,0,0,0,0,0,0,0,0.10910895,0,-0.2182179,0,0,0,0,0,-0.2182179,0,0,0,-0.10910895,0,0,-0.10910895,0,0]"
b2ba7f34-3425-4f70-b3cf-35209e8f32bd,mobile-banking,NGINX_BASELINING,NGBL-C5,36b922c70e8870a80b78614823a129d0c376d67e8cb99adc47a307b9cf78a590,"[-0.32732683,0,0,0,0,0,0,0,0,0,0,0,0,0,0,0,0,0,0,0,0,0,0,0,0,0,0,0,0,0,0,0,0,0,0,0,0,0,0,0.10910895,0,-0.10910895,0,0,0,0,0,0,0.10910895,0,0.2182179,0,0,0,0,0.2182179,0,0,0,0,0,0.10910895,0.32732683,0,0,0,0,0,0,0,0,0,0,0,0,0,0,0,0,0,0,-0.2182179,-0.10910895,0,0,0,0,0,0,0,0,0,0,0,0,0,0,0,0,0,0,0,0,0,0,0,0,0,0,0,0,0,0,0,0,0,0,0,0,0,-0.10910895,0,0,0,0,0,0,0,0,0,0,0,0,0,0,0,0,0,0,0,0.10910895,0,0,0,0,0,0,0,0,0,0,0,0,0,0,0.10910895,0,0,0.10910895,0,0,0,0,0,0.10910895,0,0,0,0,0,0,0,-0.10910895,0.10910895,0,0,0,0,0,0,0,0,0,0,-0.10910895,0,0,0,0,0,0,0,0,0.4364358,0,0,0,0,0,0,0,0,0,0,0,0,0,0,0,0,0,0,0,0,0,0,0,0,0,0,0,0,0,0,0,-0.10910895,0,0,0,0,0,0,0,0,-0.10910895,0,0.4364358,0,0.10910895,0,-0.2182179,0,0,0,0,0,-0.10910895,0,0,0,0,0,0,-0.10910895,0,0]"
65724c31-ef77-4ca7-ae52-a0a1119d373f,mobile-banking,NGINX_BASELINING,NGBL-C9,05e9c7373413805668a6a53afa66c8791fe43ca7c7955678ab5167f6c965f6d0,"[-0.33752638,0,0,0,0,0,0,0,0,0,0,0,0,0,0,0,0,0.11250879,0,0,0,0,0,0,0,0,0,0,0,0,0,0,0,0,0,0,0,0,0,0.11250879,0,0,0,0,0,0,0,0,0.11250879,0,0.22501758,0,0,-0.11250879,0,0,0,0,0,0,0,0.11250879,0,0,0,0,0,0,0,0.11250879,0,0,0,0,0,0.33752638,0,0,0,0,0,0,-0.11250879,0,0,0,0,0,0,0,0,0,0,0,0,0,0,0,0,0,0,0,-0.22501758,0,0,0,0,0,0,0,0,0,0,0,0,0,0,0,0,0,-0.11250879,0,0,0,0,0,0,0,0,0,0,0,0,0,0,0,0,0,0,0,0,0,0,0,0,0,0,0,0,0,0,0,0,0,0,0.11250879,0,0,0.11250879,0,0,0,0,0,0.11250879,0,0,0,0,0,0,0,-0.11250879,0.11250879,0,0,0,0,0,0,0,0,0,0,0,0,0,0,0,0,0,0,0,0.45003515,0,0,0,0,0,0,0,0,0,0,0,-0.22501758,0,0,0,0,0,0,0,0,0,0,0,0,0,0,0,0,0,0,0,0,0,0,0,0,0,0,0,0,0,0,0.45003515,0,0.11250879,0,-0.11250879,0,0,0,0,0,-0.11250879,0,0,0,0,0,0,-0.11250879,0,0]"
3cbf375b-3fcc-48e5-bf23-5c044b846d28,mobile-banking,NGINX_BASELINING,NGBL-C8,69613351a512f43864f0fad8e05cccd605f7e99fb9f296b64c46da7229e8163e,"[-0.3354102,0,0,0,0,0,0,0,0,0,0,0,0,0,0,0,0,0,0,0,0,0,0,0,0,0,0,0,0,0,0,0,0,0,0,0,0,0,0,0.1118034,0,0,0,0,0,0,0,0,0.1118034,0,0.2236068,0,0,0,0,0.1118034,0,0,0,0,0.1118034,0.1118034,0,0,0,0,0,0,0,0,0,0,0,0,0,-0.1118034,0,0,0,0,0,0,-0.1118034,0,0,0,0,0,0,0,0,0,0,0,0,0,0,0,0,0,0,0,0,0,0,0,0,0,0,0,0,0,0,0,0,0,0,0,0.1118034,0,-0.1118034,0,0,0,0,0,-0.2236068,0,0,0,0,0,0,0,0,0,0,0,0,0,0,0,0,0,0,0,0,0,0,0,0,0,0,0,0,0.1118034,0,0,0.1118034,0,0,0,0,0,0.1118034,0,0,0,-0.3354102,0,0,0,-0.1118034,0.1118034,0,0,0,0,0,0,0,0,0,0,0,0,0,0,0,0,0,0,0,0.4472136,0,0,0,0,0,0,0,0,0,0,0,0,0,0,0,0,0,0,0,0,0,0,0,0,0,0,0,0,0,0,0,0,0,0,0,0,0,0,0,0,0,0,0.4472136,0,0.1118034,0,-0.2236068,0,0,0,0,0,-0.1118034,0,0,0,-0.1118034,0,0,-0.1118034,0,0]"
00515a96-c108-47cd-b7b8-337d78708c14,net-banking,NGINX_BASELINING,NGBL-C5,13fca6de120796dd4d67c1393082f708920070a5cfd8217688e68a4efcd8540d,"[-0.33968312,0,0,0,0,0,0,0,0,0,0,0,0,0,0,-0.1132277,0,0,0,0,0,0,0,0,0,0,0,0,0,0,0,0,0,0,0,0,0,0,0,0.1132277,0,-0.1132277,0,0,0,0,0,0,0.1132277,0,0.2264554,0,0,0,0,0.2264554,0,0,0,0,0,0.1132277,0.33968312,0,0,0,0,0,0,0,0,0,0,0,0,0,0,0,0,0,0,-0.2264554,-0.1132277,0,0,0,0,0,0,0,0,0,0,0,0,0,0,0,0,0,0,0,0,0,0,0,0,0,0,0,0,0,0,0,0,0,0,0,0,0,-0.1132277,0,0,0,0,0,0,0,0,0,0,0,0,0,0,0,0,0,0,0,0.1132277,0,0,0,0,0,0,0,0,0,0,0,0,0,0,0.1132277,0,0,0.1132277,0,0,0,0,0,0.1132277,0,0,0,0,0,0,0,-0.1132277,0.1132277,0,0,0,0,0,0,0,0,0,0,-0.1132277,0,0,0,0,0,0,0,0,0.33968312,0,0,0,0,0,0,0,0,0,0,0,0,0,0,0,0,0,0,0,0,0,0,0,0,0,0,0,0,0,0,0,-0.1132277,0,0,0,0,0,0,0,0,-0.1132277,0,0.4529108,0,0.1132277,0,-0.2264554,0,0,0,0,0,-0.1132277,0,0,0,0,0,0,-0.1132277,0,0]"
cfa4922e-1fc4-4738-a091-a222833c5e76,net-banking,NGINX_BASELINING,NGBL-C9,b03cf5b07273fe3a4cc589a67b95a3672ac7feee9653e382a1a40b2827cfb319,"[-0.35112345,0,0,0,0,0,0,0,0,0,0,0,0,0,0,-0.11704115,0,0.11704115,0,0,0,0,0,0,0,0,0,0,0,0,0,0,0,0,0,0,0,0,0,0.11704115,0,0,0,0,0,0,0,0,0.11704115,0,0.2340823,0,0,-0.11704115,0,0,0,0,0,0,0,0.11704115,0,0,0,0,0,0,0,0.11704115,0,0,0,0,0,0.35112345,0,0,0,0,0,0,-0.11704115,0,0,0,0,0,0,0,0,0,0,0,0,0,0,0,0,0,0,0,-0.2340823,0,0,0,0,0,0,0,0,0,0,0,0,0,0,0,0,0,-0.11704115,0,0,0,0,0,0,0,0,0,0,0,0,0,0,0,0,0,0,0,0,0,0,0,0,0,0,0,0,0,0,0,0,0,0,0.11704115,0,0,0.11704115,0,0,0,0,0,0.11704115,0,0,0,0,0,0,0,-0.11704115,0.11704115,0,0,0,0,0,0,0,0,0,0,0,0,0,0,0,0,0,0,0,0.35112345,0,0,0,0,0,0,0,0,0,0,0,-0.2340823,0,0,0,0,0,0,0,0,0,0,0,0,0,0,0,0,0,0,0,0,0,0,0,0,0,0,0,0,0,0,0.4681646,0,0.11704115,0,-0.11704115,0,0,0,0,0,-0.11704115,0,0,0,0,0,0,-0.11704115,0,0]"
cb41d2f2-fe55-4344-ab73-cf515379472b,net-banking,NGINX_BASELINING,NGBL-C8,05db1969debc70307663ce599140d2d4df88ae19747cfa4d1f1f09e9e82ec2ab,"[-0.3487429,0,0,0,0,0,0,0,0,0,0,0,0,0,0,-0.11624764,0,0,0,0,0,0,0,0,0,0,0,0,0,0,0,0,0,0,0,0,0,0,0,0.11624764,0,0,0,0,0,0,0,0,0.11624764,0,0.23249528,0,0,0,0,0.11624764,0,0,0,0,0.11624764,0.11624764,0,0,0,0,0,0,0,0,0,0,0,0,0,-0.11624764,0,0,0,0,0,0,-0.11624764,0,0,0,0,0,0,0,0,0,0,0,0,0,0,0,0,0,0,0,0,0,0,0,0,0,0,0,0,0,0,0,0,0,0,0,0.11624764,0,-0.11624764,0,0,0,0,0,-0.23249528,0,0,0,0,0,0,0,0,0,0,0,0,0,0,0,0,0,0,0,0,0,0,0,0,0,0,0,0,0.11624764,0,0,0.11624764,0,0,0,0,0,0.11624764,0,0,0,-0.3487429,0,0,0,-0.11624764,0.11624764,0,0,0,0,0,0,0,0,0,0,0,0,0,0,0,0,0,0,0,0.3487429,0,0,0,0,0,0,0,0,0,0,0,0,0,0,0,0,0,0,0,0,0,0,0,0,0,0,0,0,0,0,0,0,0,0,0,0,0,0,0,0,0,0,0.46499056,0,0.11624764,0,-0.23249528,0,0,0,0,0,-0.11624764,0,0,0,-0.11624764,0,0,-0.11624764,0,0]"
e934b842-cd72-4e71-8c02-f0d5da1d4d38,payments,NGINX_BASELINING,NGBL-C5,651e3a5fd033a07506f5616f691bea6e152e3d7a72e2eda6c0c2abf10c32661b,"[-0.34188172,0,0,0,0,0,0,0,0,0,0,0,0,0,0,0,0,0,0,0,0,0,0,0,0,0,0,0,0,0,0,0,0,0,0,0,0,0,0,0.11396058,0,-0.11396058,0,0,0,0,0,0,0.11396058,0,0.22792116,0,0,0,0,0.22792116,0,0,0,0,0,0.11396058,0.34188172,0,0,0,0,0,0,0,0,0,0,0,-0.11396058,0,0,0,0,0,0,-0.22792116,-0.11396058,0,0,0,0,0,0,0,0,0,0,0,0,0,0,0,0,0,0,0,0,0,0,0,0,0,0,0,0,0,0,0,0,0,0,0,0,0,-0.11396058,0,0,0,0,0,0,0,0,0,0,0,0,0,0,0,0,0,0,0,0.11396058,0,0,0,0,0,0,0,0,0,0,0,0,0,0,0,0,0,0.11396058,0,0,0,0,0,0.11396058,0,0,0,0,0,0,0,-0.11396058,0.11396058,0,0,0,0,0,0,0,0,0,0,-0.11396058,0,0,0,0,0,0,0,0,0.34188172,0,0,0,0,0,0,0,0,0,0,0,0,0,0,0,0,0,0,0,0,0,0,0,0,0,0,0,0,0,0,0,-0.11396058,0,0,0,0,0,0,0,0,-0.11396058,0,0.45584232,0,0.11396058,0,-0.22792116,0,0,0,0,0,-0.11396058,0,0,0,0,0,0,-0.11396058,0,0]"
6114bd4c-73f9-4031-8c98-22d5d0dca032,payments,NGINX_BASELINING,NGBL-C9,9c4eb5183986a935df154df155ca122e856a9d151a211e96d65051cd057bdf0d,"[-0.35355338,0,0,0,0,0,0,0,0,0,0,0,0,0,0,0,0,0.11785113,0,0,0,0,0,0,0,0,0,0,0,0,0,0,0,0,0,0,0,0,0,0.11785113,0,0,0,0,0,0,0,0,0.11785113,0,0.23570226,0,0,-0.11785113,0,0,0,0,0,0,0,0.11785113,0,0,0,0,0,0,0,0.11785113,0,0,0,0,-0.11785113,0.35355338,0,0,0,0,0,0,-0.11785113,0,0,0,0,0,0,0,0,0,0,0,0,0,0,0,0,0,0,0,-0.23570226,0,0,0,0,0,0,0,0,0,0,0,0,0,0,0,0,0,-0.11785113,0,0,0,0,0,0,0,0,0,0,0,0,0,0,0,0,0,0,0,0,0,0,0,0,0,0,0,0,0,0,0,0,0,0,0,0,0,0.11785113,0,0,0,0,0,0.11785113,0,0,0,0,0,0,0,-0.11785113,0.11785113,0,0,0,0,0,0,0,0,0,0,0,0,0,0,0,0,0,0,0,0.35355338,0,0,0,0,0,0,0,0,0,0,0,-0.23570226,0,0,0,0,0,0,0,0,0,0,0,0,0,0,0,0,0,0,0,0,0,0,0,0,0,0,0,0,0,0,0.47140452,0,0.11785113,0,-0.11785113,0,0,0,0,0,-0.11785113,0,0,0,0,0,0,-0.11785113,0,0]"
7d8f0d9c-93f3-4842-9b14-24fb7040bfe4,payments,NGINX_BASELINING,NGBL-C8,2f0f827b9c4e4f458a83d5575814eca482c547e95915461d6ce54ae5ef75ca13,"[-0.35112345,0,0,0,0,0,0,0,0,0,0,0,0,0,0,0,0,0,0,0,0,0,0,0,0,0,0,0,0,0,0,0,0,0,0,0,0,0,0,0.11704115,0,0,0,0,0,0,0,0,0.11704115,0,0.2340823,0,0,0,0,0.11704115,0,0,0,0,0.11704115,0.11704115,0,0,0,0,0,0,0,0,0,0,0,0,-0.11704115,-0.11704115,0,0,0,0,0,0,-0.11704115,0,0,0,0,0,0,0,0,0,0,0,0,0,0,0,0,0,0,0,0,0,0,0,0,0,0,0,0,0,0,0,0,0,0,0,0.11704115,0,-0.11704115,0,0,0,0,0,-0.2340823,0,0,0,0,0,0,0,0,0,0,0,0,0,0,0,0,0,0,0,0,0,0,0,0,0,0,0,0,0,0,0,0.11704115,0,0,0,0,0,0.11704115,0,0,0,-0.35112345,0,0,0,-0.11704115,0.11704115,0,0,0,0,0,0,0,0,0,0,0,0,0,0,0,0,0,0,0,0.35112345,0,0,0,0,0,0,0,0,0,0,0,0,0,0,0,0,0,0,0,0,0,0,0,0,0,0,0,0,0,0,0,0,0,0,0,0,0,0,0,0,0,0,0.4681646,0,0.11704115,0,-0.2340823,0,0,0,0,0,-0.11704115,0,0,0,-0.11704115,0,0,-0.11704115,0,0]"
ca8093fa-0770-4334-b62f-a23d88e14a20,mobile-banking,ITPP,ITPP-C9,b43cb568770c3c5f943fdea2cea2f4291f62704b0025ed9783c2dbd51b88f9b9,"[0,0,0,0,0,0,0,-0.11250879,0,0,0,0,0,0,0,0,0,0,0.11250879,0,0,0,0,0,0,0,0,0,0,0,0,0,0,0,0,0,0,0,0,0.11250879,0,-0.11250879,0,0,0,0,0,0,0.11250879,0,0.22501758,0,0,0,0,0.22501758,0,0,0,0,0,0.11250879,0,0,0,0,0,0,0,0,0,0,0,0,0,0.33752638,0,0,0,0,0,-0.11250879,-0.11250879,0,0,0,0,0,0,0,0,0,0,0,0,-0.67505276,0,0,0,0,0,0,0,-0.11250879,0,0,0,0,0,0,0,0,0,0,0,0,0,0,0,0,-0.11250879,0,0,0,0,0,-0.11250879,0,0,0,0,0,0,0,0,0,0,0,0,0,0,0,0,0,0,0,0,0,0,0,0,0,0,0,0,0.11250879,0,0,0.11250879,0,0,0,0,0,0.11250879,0,0,0,0,0,0,0,-0.11250879,0.11250879,0,0,0,0,0,0,0,0,0,0,-0.11250879,0,0,0,0,0,0,0,0,0.11250879,0,0,0,0,0,0,0,0,0,0,0,0,0,0,0,0,0,0,0,0,0,0,0,0,0,0,0,0,0,0,0,0,0,0,0,0,0,0,0,0,-0.11250879,0,0,0,0.11250879,0,-0.22501758,0,0,0,0,0,-0.11250879,0,0,0,0,0,0,-0.11250879,0,0]"
09fa12ae-031a-44b5-9e59-8c8a11f9a56e,mobile-banking,ITPP,ITPP-C5,aa2945460e3c02a062db2ea08b1a7cf73b59c062602584415e67a382058bceb4,"[0,0,0,0,0,0,0,0,0,0,0,0,0,0,0,0,0,0,0.11250879,0,0,0,-0.11250879,0,0,0,0,0,0,0,0,0,0,0,0,0,0,0,0,0.11250879,0,0,0,0,0,0,0,0,0.11250879,0,0.22501758,0,0,0,0,0,0,0,0,0,0.11250879,0.11250879,0.33752638,0,0,0,0,0,0,0,0,0,0,0,0.11250879,-0.11250879,0,0,0,0,0,0,-0.11250879,0,0,-0.11250879,0,0,0,0,0,0,0,0,0,-0.67505276,-0.11250879,0,0,0,0,0,0,0,0,0,0,0,0,0,0,0,0,0,0,0,0,0,0,0,-0.11250879,0,0,0,0,0,0,0,0,0,0,0,0,0,0,0,0,0,0,0,0,0,0,0,0,0,0,0,0,0,0,0,0,0,0,0.11250879,0,0,0.11250879,0,0,0,0,0,0.11250879,0,0,0,0,0,0,0,-0.11250879,0.11250879,0,0,0,0,0,0,0,0,0.11250879,0,0,0,0,0,0,0,0,0,0,0.11250879,0,0,0,0,0,0,0,0,0,0,0,0,0,0,0,0,0,0,0,0,0,0,0,0,0,0,0,0,0,0,0,0,0,0,0,0,0,0,0,0,0,0,0,0,0.11250879,0,-0.22501758,-0.22501758,0,0,0,0,-0.11250879,0,0,0,0,0,0,-0.11250879,0,0]"
f05b8039-e638-4f38-b5a9-bb4554fea43e,net-banking,ITPP,ITPP-C9,df1009d77f33de4ed35b13cfe27c6301a8550d5a6db0277e293904780d96979a,"[0,0,0,0,0,0,0,-0.11250879,0,0,0,0,0,0,0,-0.11250879,0,0,0.11250879,0,0,0,0,0,0,0,0,0,0,0,0,0,0,0,0,0,0,0,0,0.11250879,0,-0.11250879,0,0,0,0,0,0,0.11250879,0,0.22501758,0,0,0,0,0.22501758,0,0,0,0,0,0.11250879,0,0,0,0,0,0,0,0,0,0,0,0,0,0.33752638,0,0,0,0,0,-0.11250879,-0.11250879,0,0,0,0,0,0,0,0,0,0,0,0,-0.67505276,0,0,0,0,0,0,0,-0.11250879,0,0,0,0,0,0,0,0,0,0,0,0,0,0,0,0,-0.11250879,0,0,0,0,0,-0.11250879,0,0,0,0,0,0,0,0,0,0,0,0,0,0,0,0,0,0,0,0,0,0,0,0,0,0,0,0,0.11250879,0,0,0.11250879,0,0,0,0,0,0.11250879,0,0,0,0,0,0,0,-0.11250879,0.11250879,0,0,0,0,0,0,0,0,0,0,-0.11250879,0,0,0,0,0,0,0,0,0,0,0,0,0,0,0,0,0,0,0,0,0,0,0,0,0,0,0,0,0,0,0,0,0,0,0,0,0,0,0,0,0,0,0,0,0,0,0,0,0,-0.11250879,0,0,0,0.11250879,0,-0.22501758,0,0,0,0,0,-0.11250879,0,0,0,0,0,0,-0.11250879,0,0]"
e657e372-5058-4340-ae28-513f32d35d25,net-banking,ITPP,ITPP-C5,a9a4cec53bf0e39a96eab95430de61869dca43d2a0e73a05c57beaddb88bdf3c,"[0,0,0,0,0,0,0,0,0,0,0,0,0,0,0,-0.11250879,0,0,0.11250879,0,0,0,-0.11250879,0,0,0,0,0,0,0,0,0,0,0,0,0,0,0,0,0.11250879,0,0,0,0,0,0,0,0,0.11250879,0,0.22501758,0,0,0,0,0,0,0,0,0,0.11250879,0.11250879,0.33752638,0,0,0,0,0,0,0,0,0,0,0,0.11250879,-0.11250879,0,0,0,0,0,0,-0.11250879,0,0,-0.11250879,0,0,0,0,0,0,0,0,0,-0.67505276,-0.11250879,0,0,0,0,0,0,0,0,0,0,0,0,0,0,0,0,0,0,0,0,0,0,0,-0.11250879,0,0,0,0,0,0,0,0,0,0,0,0,0,0,0,0,0,0,0,0,0,0,0,0,0,0,0,0,0,0,0,0,0,0,0.11250879,0,0,0.11250879,0,0,0,0,0,0.11250879,0,0,0,0,0,0,0,-0.11250879,0.11250879,0,0,0,0,0,0,0,0,0.11250879,0,0,0,0,0,0,0,0,0,0,0,0,0,0,0,0,0,0,0,0,0,0,0,0,0,0,0,0,0,0,0,0,0,0,0,0,0,0,0,0,0,0,0,0,0,0,0,0,0,0,0,0,0,0,0,0.11250879,0,-0.22501758,-0.22501758,0,0,0,0,-0.11250879,0,0,0,0,0,0,-0.11250879,0,0]"
776fccc5-b7a8-44ce-83ca-4ae9f79675ff,payments,ITPP,ITPP-C9,530a3825019073398938a5cb48efcd998ddf9ab76f88f013b5adeba73397dbd9,"[0,0,0,0,0,0,0,-0.1132277,0,0,0,0,0,0,0,0,0,0,0.1132277,0,0,0,0,0,0,0,0,0,0,0,0,0,0,0,0,0,0,0,0,0.1132277,0,-0.1132277,0,0,0,0,0,0,0.1132277,0,0.2264554,0,0,0,0,0.2264554,0,0,0,0,0,0.1132277,0,0,0,0,0,0,0,0,0,0,0,0,-0.1132277,0.33968312,0,0,0,0,0,-0.1132277,-0.1132277,0,0,0,0,0,0,0,0,0,0,0,0,-0.67936623,0,0,0,0,0,0,0,-0.1132277,0,0,0,0,0,0,0,0,0,0,0,0,0,0,0,0,-0.1132277,0,0,0,0,0,-0.1132277,0,0,0,0,0,0,0,0,0,0,0,0,0,0,0,0,0,0,0,0,0,0,0,0,0,0,0,0,0,0,0,0.1132277,0,0,0,0,0,0.1132277,0,0,0,0,0,0,0,-0.1132277,0.1132277,0,0,0,0,0,0,0,0,0,0,-0.1132277,0,0,0,0,0,0,0,0,0,0,0,0,0,0,0,0,0,0,0,0,0,0,0,0,0,0,0,0,0,0,0,0,0,0,0,0,0,0,0,0,0,0,0,0,0,0,0,0,0,-0.1132277,0,0,0,0.1132277,0,-0.2264554,0,0,0,0,0,-0.1132277,0,0,0,0,0,0,-0.1132277,0,0]"
9473e3d6-3fd6-4086-839d-d5cf14a3cb87,payments,ITPP,ITPP-C5,5844db6ff8590e8e1e230f2fed79be420a5cb2464da0465d133814256dcb7927,"[0,0,0,0,0,0,0,0,0,0,0,0,0,0,0,0,0,0,0.114707865,0,0,0,-0.114707865,0,0,0,0,0,0,0,0,0,0,0,0,0,0,0,0,0.114707865,0,0,0,0,0,0,0,0,0.114707865,0,0.22941573,0,0,0,0,0,0,0,0,0,0.114707865,0.114707865,0.3441236,0,0,0,0,0,0,0,0,0,0,0,0,-0.114707865,0,0,0,0,0,0,-0.114707865,0,0,-0.114707865,0,0,0,0,0,0,0,0,0,-0.6882472,-0.114707865,0,0,0,0,0,0,0,0,0,0,0,0,0,0,0,0,0,0,0,0,0,0,0,-0.114707865,0,0,0,0,0,0,0,0,0,0,0,0,0,0,0,0,0,0,0,0,0,0,0,0,0,0,0,0,0,0,0,0,0,0,0,0,0,0.114707865,0,0,0,0,0,0.114707865,0,0,0,0,0,0,0,-0.114707865,0.114707865,0,0,0,0,0,0,0,0,0.114707865,0,0,0,0,0,0,0,0,0,0,0,0,0,0,0,0,0,0,0,0,0,0,0,0,0,0,0,0,0,0,0,0,0,0,0,0,0,0,0,0,0,0,0,0,0,0,0,0,0,0,0,0,0,0,0,0.114707865,0,-0.22941573,-0.22941573,0,0,0,0,-0.114707865,0,0,0,0,0,0,-0.114707865,0,0]"
6900e634-9fd0-453f-8021-6848d25ff2b1,mobile-banking,ITDRM,ITDRM-C7,1d3f9031444167004a931a0cbecdbfe1a2a84eda4b0977fbb0f919d0ebb1d75b,"[0,0,0,0,0,0,0,0,0,0,0,0,0,0,0,0,0,0,0.145865,0,0,0,0,0,0.72932494,0,0,0,0,0,0,0,0,0,0,-0.145865,0,0,0,0,0,0,0,0,0,0,0,0,0,0,0.145865,0,0,0,0,0,0,0,0,0,0,0,0,0,0,0,0,0,0,0,0,0,0,0,0,0,0,0,0,0,0,0,-0.145865,0,0,0,0,0,0,0,0,0.43759498,0,0,0,0,0,0,0,0,0,0,0,0,0,0,0,0,0,0,0,0,0,0,0,0,0,0,0,0,0,0,-0.145865,0,0,0,0,0,0,0,0,0,0,0,0,0,0,0,0,0,0,0,0,0,0,0,0,0,0,0,0,0,0,0,0,0,-0.145865,0,0,0,0,0,0,0,0,0,0,0,0,0,0,0,-0.145865,0,0,0,0,0,0,0,0,0,0,0,0,0,0,0,0,0,0,0,0,0.145865,0,0,0,0,0,0,0,0,0,0,0,0,0,0,0,0,0,0,0,0,0,0,0,0,-0.29173,0,0,0,0,0,0,0,0,0,0,0,0,0,0,0,0,0,0,0,0,0,0,0,0,0,0,0,-0.145865,0,0,0,0,0,0,0,0,0]"
7400c8f8-75c1-4b58-b08c-9f2ad55ae0a7,mobile-banking,DPSC,DPSC-C17,216130f015e2ad86feb4e314606a8cd80331746c0fd0c7725b76a2175df3a2ad,"[0,0,0,0,0,0,0,0,0,0,0,0,0,0,0,0,0,0,0,0,0,0,0,0,0,0,0,0,0,0,0,0,0,0,0.13736056,0,0,0,0,0,0,0,0,0,0,0,0,0,0,0,0.13736056,0,0,0,0,0,0,0,0,0,0,0,0,0,0,0,0,0,0,0,0,0,0,0,0,0,0,0,0,0,0,0,-0.13736056,0,0,0,0,0,0,0,0,0,0,0,0,0,0,0,0,0,0,0,0,0,0,0,0,0,0,0,0,0,0,0,0,0,0,0,0,0,0,0,-0.13736056,0,0,0,0,0,0,0,0,0,0,0,0,0,0,0,0,0,0,0,0,0,0,0,0,0,0,0,0,0,0,0,0,0,-0.13736056,0,0,0,0,0,0,0,0,0,0,0,0,0,0,0,-0.13736056,0,0,0,0,0,0,0,0,0,0,0,0,0,0,0,0,0,0,0,0,0.13736056,0,0,0,0,0,0,0,0,0,0,0,0,0,0,0,0,0,0,0,0,0,0,0,0,-0.27472112,0,0,0,0,0,0,0,0,0,0,0,0,0,0,0,0,0,0,0,0,0,0,0,0,0,-0.54944223,0,-0.13736056,0.6868028,0,0,0,0,0,0,0,0]"
a101b6e8-ba3c-47d6-bc2f-84c9a9365e6d,mobile-banking,PCI_DSS,PCI-C12,33dfca703594b92810689b0fbbe3c02199498415b0b845c83776d5c07cea785d,"[0,0,0,0,0,0,0,0,0,0,0,0,0,0,0,0,0,0,0.14002801,0,0,0,0,0,0,0,0,0,0.28005603,0,0,0,0,0,0,0,0,0,0,0,0,0,0,0,0,0,0,0,0,0,0.14002801,0,0,0,0,0,0,0,0,0,0.14002801,0,0,0,0,0,0,0,0,0,0,0,0,0,0,0,0,0,0,0,0,0,-0.14002801,0,0,0,0,0,0,0,0,0,0,0,0,0,0,0,0,0,0,0,0,0,0,0,0,0,0,0,0,0,0,0,0,0,0,0,0,0,0,0,-0.14002801,0,0,0,0,0,0,0,0,0,0,0,0,0,0,0,0,0,0,0,0,0,0,0,0,0,0,0,0,0,0,0,0,0,-0.14002801,0,0,0,0,0,0,0,0,0,0,0,0,0,0,0,-0.14002801,0,0,0,0,0,0,0,0,0.42008403,0,0,0,0,0,0,0,0,0,0,0,0.14002801,0,0,0,0,0,0,0,0,0,0,0,0,0,0,0,0,0,0,0,0,0,0,0,0,-0.28005603,0,0,0,0,0,0,0,0,0,0,0.70014006,0,0,0,0,0,0,0,0,0,0,0,0,0,0,0,0,-0.14002801,0,0,0,0,0,0,0,0,0]"
978ff61a-981f-4a88-aed5-5e064c043035,net-banking,ITDRM,ITDRM-C7,d9fbbe9e3c3295afec1c4383c958d144850916a2a9589c14c741db416f3aead9,"[0,0,0,0,0,0,0,0,0,0,0,0,0,0,0,-0.145865,0,0,0.145865,0,0,0,0,0,0.72932494,0,0,0,0,0,0,0,0,0,0,-0.145865,0,0,0,0,0,0,0,0,0,0,0,0,0,0,0.145865,0,0,0,0,0,0,0,0,0,0,0,0,0,0,0,0,0,0,0,0,0,0,0,0,0,0,0,0,0,0,0,-0.145865,0,0,0,0,0,0,0,0,0.43759498,0,0,0,0,0,0,0,0,0,0,0,0,0,0,0,0,0,0,0,0,0,0,0,0,0,0,0,0,0,0,-0.145865,0,0,0,0,0,0,0,0,0,0,0,0,0,0,0,0,0,0,0,0,0,0,0,0,0,0,0,0,0,0,0,0,0,-0.145865,0,0,0,0,0,0,0,0,0,0,0,0,0,0,0,-0.145865,0,0,0,0,0,0,0,0,0,0,0,0,0,0,0,0,0,0,0,0,0,0,0,0,0,0,0,0,0,0,0,0,0,0,0,0,0,0,0,0,0,0,0,0,0,-0.29173,0,0,0,0,0,0,0,0,0,0,0,0,0,0,0,0,0,0,0,0,0,0,0,0,0,0,0,-0.145865,0,0,0,0,0,0,0,0,0]"
2c31e839-42eb-467b-bce5-02a6dbac74eb,net-banking,DPSC,DPSC-C17,462d75b32d84da3c12de783bb070a1f0ce105ee1257a6bbb726bfec67f8f7374,"[0,0,0,0,0,0,0,0,0,0,0,0,0,0,0,-0.13736056,0,0,0,0,0,0,0,0,0,0,0,0,0,0,0,0,0,0,0.13736056,0,0,0,0,0,0,0,0,0,0,0,0,0,0,0,0.13736056,0,0,0,0,0,0,0,0,0,0,0,0,0,0,0,0,0,0,0,0,0,0,0,0,0,0,0,0,0,0,0,-0.13736056,0,0,0,0,0,0,0,0,0,0,0,0,0,0,0,0,0,0,0,0,0,0,0,0,0,0,0,0,0,0,0,0,0,0,0,0,0,0,0,-0.13736056,0,0,0,0,0,0,0,0,0,0,0,0,0,0,0,0,0,0,0,0,0,0,0,0,0,0,0,0,0,0,0,0,0,-0.13736056,0,0,0,0,0,0,0,0,0,0,0,0,0,0,0,-0.13736056,0,0,0,0,0,0,0,0,0,0,0,0,0,0,0,0,0,0,0,0,0,0,0,0,0,0,0,0,0,0,0,0,0,0,0,0,0,0,0,0,0,0,0,0,0,-0.27472112,0,0,0,0,0,0,0,0,0,0,0,0,0,0,0,0,0,0,0,0,0,0,0,0,0,-0.54944223,0,-0.13736056,0.6868028,0,0,0,0,0,0,0,0]"
c3b4de4e-70e0-4adc-b745-54f397e9c594,net-banking,PCI_DSS,PCI-C12,ab907594fb812f3b786216b740f70590dd12b7cfadbb2a0dcd6d7eb33ee74cae,"[0,0,0,0,0,0,0,0,0,0,0,0,0,0,0,-0.14002801,0,0,0.14002801,0,0,0,0,0,0,0,0,0,0.28005603,0,0,0,0,0,0,0,0,0,0,0,0,0,0,0,0,0,0,0,0,0,0.14002801,0,0,0,0,0,0,0,0,0,0.14002801,0,0,0,0,0,0,0,0,0,0,0,0,0,0,0,0,0,0,0,0,0,-0.14002801,0,0,0,0,0,0,0,0,0,0,0,0,0,0,0,0,0,0,0,0,0,0,0,0,0,0,0,0,0,0,0,0,0,0,0,0,0,0,0,-0.14002801,0,0,0,0,0,0,0,0,0,0,0,0,0,0,0,0,0,0,0,0,0,0,0,0,0,0,0,0,0,0,0,0,0,-0.14002801,0,0,0,0,0,0,0,0,0,0,0,0,0,0,0,-0.14002801,0,0,0,0,0,0,0,0,0.42008403,0,0,0,0,0,0,0,0,0,0,0,0,0,0,0,0,0,0,0,0,0,0,0,0,0,0,0,0,0,0,0,0,0,0,0,0,-0.28005603,0,0,0,0,0,0,0,0,0,0,0.70014006,0,0,0,0,0,0,0,0,0,0,0,0,0,0,0,0,-0.14002801,0,0,0,0,0,0,0,0,0]"
47d8b24e-7beb-4173-a896-785daaffad5b,payments,ITDRM,ITDRM-C7,edab6157bd57ef7d4c30984e4440bf595687df3de171aded6aebcd948715bfbe,"[0,0,0,0,0,0,0,0,0,0,0,0,0,0,0,0,0,0,0.14433756,0,0,0,0,0,0.72168785,0,0,0,0,0,0,0,0,0,0,-0.14433756,0,0,0,0,0,0,0,0,0,0,0,0,0,0,0.14433756,0,0,0,0,0,0,0,0,0,0,0,0,0,0,0,0,0,0,0,0,0,0,0,-0.14433756,0,0,0,0,0,0,0,-0.14433756,0,0,0,0,0,0,0,0,0.4330127,0,0,0,0,0,0,0,0,0,0,0,0,0,0,0,0,0,0,0,0,0,0,0,0,0,0,0,0,0,0,-0.14433756,0,0,0,0,0,0,0,0,0,0,0,0,0,0,0,0,0,0,0,0,0,0,0,0,0,0,0,0,0,0,0,0,-0.14433756,-0.14433756,0,0,0,0,0,0,0,0,0,0,0,0,0,0,0,-0.14433756,0,0,0,0,0,0,0,0,0,0,0,0,0,0,0,0,0,0,0,0,0,0,0,0,0,0,0,0,0,0,0,0,0,0,0,0,0,0,0,0,0,0,0,0,0,-0.28867513,0,0,0,0,0,0,0,0,0,0,0,0,0,0,0,0,0,0,0,0,0,0,0,0,0,0,0,-0.14433756,0,0,0,0,0,0,0,0,0]"
507fcc1a-bc2a-426f-9a68-26a70708a76e,payments,DPSC,DPSC-C17,b2838817da7fd99a19066b0ecfdf1d60035179086d36d6943db8a46169e42edb,"[0,0,0,0,0,0,0,0,0,0,0,0,0,0,0,0,0,0,0,0,0,0,0,0,0,0,0,0,0,0,0,0,0,0,0.13608277,0,0,0,0,0,0,0,0,0,0,0,0,0,0,0,0.13608277,0,0,0,0,0,0,0,0,0,0,0,0,0,0,0,0,0,0,0,0,0,0,0,-0.13608277,0,0,0,0,0,0,0,-0.13608277,0,0,0,0,0,0,0,0,0,0,0,0,0,0,0,0,0,0,0,0,0,0,0,0,0,0,0,0,0,0,0,0,0,0,0,0,0,0,0,-0.13608277,0,0,0,0,0,0,0,0,0,0,0,0,0,0,0,0,0,0,0,0,0,0,0,0,0,0,0,0,0,0,0,0,-0.13608277,-0.13608277,0,0,0,0,0,0,0,0,0,0,0,0,0,0,0,-0.13608277,0,0,0,0,0,0,0,0,0,0,0,0,0,0,0,0,0,0,0,0,0,0,0,0,0,0,0,0,0,0,0,0,0,0,0,0,0,0,0,0,0,0,0,0,0,-0.27216554,0,0,0,0,0,0,0,0,0,0,0,0,0,0,0,0,0,0,0,0,0,0,0,0,0,-0.5443311,0,-0.13608277,0.68041384,0,0,0,0,0,0,0,0]"
83188b59-4cd0-4d4d-8849-7d54a94f5679,payments,PCI_DSS,PCI-C12,d3ea97925385f218c64237a75ca36e5313da272522fb684019dff6c5bb5c8129,"[0,0,0,0,0,0,0,0,0,0,0,0,0,0,0,0,0,0,0.13867505,0,0,0,0,0,0,0,0,0,0.2773501,0,0,0,0,0,0,0,0,0,0,0,0,0,0,0,0,0,0,0,0,0,0.13867505,0,0,0,0,0,0,0,0,0,0.13867505,0,0,0,0,0,0,0,0,0,0,0,0,0,-0.13867505,0,0,0,0,0,0,0,-0.13867505,0,0,0,0,0,0,0,0,0,0,0,0,0,0,0,0,0,0,0,0,0,0,0,0,0,0,0,0,0,0,0,0,0,0,0,0,0,0,0,-0.13867505,0,0,0,0,0,0,0,0,0,0,0,0,0,0,0,0,0,0,0,0,0,0,0,0,0,0,0,0,0,0,0,0,-0.13867505,-0.13867505,0,0,0,0,0,0,0,0,0,0,0,0,0,0,0,-0.13867505,0,0,0,0,0,0,0,0,0.41602516,0,0,0,0,0,0,0,0,0,0,0,0,0,0,0,0,0,0,0,0,0,0,0,0,0,0,0,0,0,0,0,0,0,0,0,0,-0.2773501,0,0,0,0,0,0,0,0,0,0,0.69337523,0,0,0,0,0,0,0,0,0,0,0,0,0,0,0,0,-0.13867505,0,0,0,0,0,0,0,0,0]"
5f27bf79-0338-42d0-9bd9-71a726eed01e,mobile-banking,ITPP,ITPP-C12,851a83254e681683b14765a338682a946bf2a4a4ef973d3853cb1519776d5494,"[0,0,0,0,0,0,0,0,0,0,0,0,0,0,0,0,0,0,0.145865,0,0,0,0,0,0,0,0,0,0,0,0,0,0,0,0,0,0,0,0,0,0,0,0,0,0,0,0,0,0,0,0.145865,0,0,0,0,0,0,0,0,0,0,0,0,0,0,0,0,0,0,0,0,0,0,0,0,0,0,0,0,0,0,0,-0.145865,0,0,0,0,0,0,0,0,0,0,0,0,-0.72932494,0,0,0,0,0,0,0,0,0,0,0,0,0,0,0,0,0,0,0,0,0,0,0,0,0,0,-0.145865,0,0,0,0,0,0,0,0,0,0,0,0,0,0,0,0,0,-0.29173,0,0,0,0,0,0,0,0,0,0,0,0,0,0,0,-0.145865,0,0,0,0,0,0,0,0,0,0,0,0,0,0,0,-0.145865,0,0,0,0,0,0,0,0,0.43759498,0,0,0,-0.145865,0,0,0,0,0,0,0,0.145865,0,0,0,0,0,0,0,0,0,0,0,0,0,0,0,0,0,0,0,0,0,0,0,0,0,0,0,0,0,0,0,0,0,0,0,0,0,0,0,0,0,0,0,0,0,0,0,0,0,0,0,0,-0.145865,0,0,0,0,0,0,0,0,0]"
75b1675a-975c-4ee0-82e0-f82d499a8563,mobile-banking,ITPP,ITPP-C14,83b04f09cb256c31a250066aeb79bbc2b8ae4f9e1d1103f8a3f5aebe992456c5,"[0,0,0,0,0,0,0,0,0,0,0,0,0,0,0,0,0,0,0,0,0,0,0,0,0.14744195,0,0,0,0,0,0,0,0,0,0,0,0,0,0,0,0,0,0,0,0,0,0,0,0,0,0.14744195,0,0,0,0,0,0,0,0,0,0,0,0,0,0,0,0,0,0,0,0,0,0,0,0,0,0,0,0,0,0,0,-0.14744195,0,0,0,0,0,0,0,0,0,0,0,0,-0.7372098,0,0,0,0,0,0,0,0,0,0,0,0,0,0,0,0,0,0,0.44232586,0,0,0,0,0,0,0,-0.14744195,0,0,0,0,0,0,0,0,0,0,0,0,0,0,0,0,0,-0.2948839,0,0,0,0,0,0,0,0,0,0,0,0,0,0,0,-0.14744195,0,0,0,0,0,0,0,0,0,0,0,0,0,0,0,-0.14744195,0,0,0,0,0,0,0,0,0,0,0,0,0,0,0,0,0,0,0,0,0.14744195,0,0,0,0,0,0,0,0,0,0,0,0,0,0,0,0,0,0,0,0,0,0,0,0,0,0,0,0,0,0,0,0,0,0,0,0,0,0,0,0,0,0,0,0,0,0,0,0,0,0,0,0,-0.14744195,0,0,0,0,0,0,0,0,0]"
c13f312f-c80c-4518-8005-ec410030e7b5,mobile-banking,C-SITE,CSITE-C11,24b67e31ca0ba261142cb40dd8a92faccb9274a7ecbdaf308467b657bdd73f1f,"[0,0,0,0,-0.33333334,0,0,0,0,0,0,0,0,0,0,0,0,0,0,0,0,0,0,0,0.16666667,0,0,0,0,0,0,0,0,0,0,0,0,0,0,0,0,0,0,0,0,0,0,0,0,0,0.16666667,0,0,0,0,0,0,0,0,0,0,0,0,0,0,0,0,0,0,0,0,0,0,0,0,0,0,0,0,0,0,0,-0.16666667,0,0,0,0,0,0,0,0,0,0,0,0,0,0,0,0,0,0,0,0,0,0,0,0,0,0,0,0,0,0,0,0,0,0,0,0,0,0,0,-0.16666667,0,0,0,0,0,0,0,0,0,0,0,0,0,0,0,0,0,-0.33333334,0,0,0,0,0,0,0,0,0,0,0,0,0,0,0,-0.16666667,0,0,-0.16666667,0,0,0,0,0,0,0,0,0,0,0,0,-0.16666667,0,0,0,0,0,0,-0.16666667,0,0,0,0,0.5,0,0,0,0,0,0,0,0,0.16666667,0,0,0,0,0,0,0,0,0,0,0,0,0,0,0,0,0,0,0,0,0,0,0,0,0,0,0,0,0,0,0,0,0,0,0,0,0,0,0,0,0,0,0,0,0,0,0,0,0,0,0,0,-0.16666667,0,0,-0.5,0,0,0,0,0,0]"
afa1410a-fb5b-44d8-8e88-b47d89ca94b3,net-banking,ITPP,ITPP-C12,8f47b11d1c1bc4b914b32cddf5bf8d1d661a3ad5a292bc54e1803fa17d8b5610,"[0,0,0,0,0,0,0,0,0,0,0,0,0,0,0,-0.145865,0,0,0.145865,0,0,0,0,0,0,0,0,0,0,0,0,0,0,0,0,0,0,0,0,0,0,0,0,0,0,0,0,0,0,0,0.145865,0,0,0,0,0,0,0,0,0,0,0,0,0,0,0,0,0,0,0,0,0,0,0,0,0,0,0,0,0,0,0,-0.145865,0,0,0,0,0,0,0,0,0,0,0,0,-0.72932494,0,0,0,0,0,0,0,0,0,0,0,0,0,0,0,0,0,0,0,0,0,0,0,0,0,0,-0.145865,0,0,0,0,0,0,0,0,0,0,0,0,0,0,0,0,0,-0.29173,0,0,0,0,0,0,0,0,0,0,0,0,0,0,0,-0.145865,0,0,0,0,0,0,0,0,0,0,0,0,0,0,0,-0.145865,0,0,0,0,0,0,0,0,0.43759498,0,0,0,-0.145865,0,0,0,0,0,0,0,0,0,0,0,0,0,0,0,0,0,0,0,0,0,0,0,0,0,0,0,0,0,0,0,0,0,0,0,0,0,0,0,0,0,0,0,0,0,0,0,0,0,0,0,0,0,0,0,0,0,0,0,0,-0.145865,0,0,0,0,0,0,0,0,0]"
0352b2dc-8095-440f-9651-3b07c8f2529a,net-banking,ITPP,ITPP-C14,0ebd4c08a5a6975fdc58947c8cf4703e871fc84d13f28699ce1d18f3ccdb9ab2,"[0,0,0,0,0,0,0,0,0,0,0,0,0,0,0,-0.14744195,0,0,0,0,0,0,0,0,0.14744195,0,0,0,0,0,0,0,0,0,0,0,0,0,0,0,0,0,0,0,0,0,0,0,0,0,0.14744195,0,0,0,0,0,0,0,0,0,0,0,0,0,0,0,0,0,0,0,0,0,0,0,0,0,0,0,0,0,0,0,-0.14744195,0,0,0,0,0,0,0,0,0,0,0,0,-0.7372098,0,0,0,0,0,0,0,0,0,0,0,0,0,0,0,0,0,0,0.44232586,0,0,0,0,0,0,0,-0.14744195,0,0,0,0,0,0,0,0,0,0,0,0,0,0,0,0,0,-0.2948839,0,0,0,0,0,0,0,0,0,0,0,0,0,0,0,-0.14744195,0,0,0,0,0,0,0,0,0,0,0,0,0,0,0,-0.14744195,0,0,0,0,0,0,0,0,0,0,0,0,0,0,0,0,0,0,0,0,0,0,0,0,0,0,0,0,0,0,0,0,0,0,0,0,0,0,0,0,0,0,0,0,0,0,0,0,0,0,0,0,0,0,0,0,0,0,0,0,0,0,0,0,0,0,0,0,0,0,0,0,0,-0.14744195,0,0,0,0,0,0,0,0,0]"
23e3b4b6-519c-480f-b360-2c66e4f6fe2d,net-banking,C-SITE,CSITE-C11,4de752c4d60c9f02c632054f924f05bea6888808746d889be9ddf9dfa403656d,"[0,0,0,0,-0.33333334,0,0,0,0,0,0,0,0,0,0,-0.16666667,0,0,0,0,0,0,0,0,0.16666667,0,0,0,0,0,0,0,0,0,0,0,0,0,0,0,0,0,0,0,0,0,0,0,0,0,0.16666667,0,0,0,0,0,0,0,0,0,0,0,0,0,0,0,0,0,0,0,0,0,0,0,0,0,0,0,0,0,0,0,-0.16666667,0,0,0,0,0,0,0,0,0,0,0,0,0,0,0,0,0,0,0,0,0,0,0,0,0,0,0,0,0,0,0,0,0,0,0,0,0,0,0,-0.16666667,0,0,0,0,0,0,0,0,0,0,0,0,0,0,0,0,0,-0.33333334,0,0,0,0,0,0,0,0,0,0,0,0,0,0,0,-0.16666667,0,0,-0.16666667,0,0,0,0,0,0,0,0,0,0,0,0,-0.16666667,0,0,0,0,0,0,-0.16666667,0,0,0,0,0.5,0,0,0,0,0,0,0,0,0,0,0,0,0,0,0,0,0,0,0,0,0,0,0,0,0,0,0,0,0,0,0,0,0,0,0,0,0,0,0,0,0,0,0,0,0,0,0,0,0,0,0,0,0,0,0,0,0,0,0,0,0,-0.16666667,0,0,-0.5,0,0,0,0,0,0]"
96970379-c80f-4959-8687-8e5950dd3377,payments,ITPP,ITPP-C12,f3e6ff584f72413704f21a81f2f3f56e89ea0db20c104afa3f3c962446aa9f91,"[0,0,0,0,0,0,0,0,0,0,0,0,0,0,0,0,0,0,0.14433756,0,0,0,0,0,0,0,0,0,0,0,0,0,0,0,0,0,0,0,0,0,0,0,0,0,0,0,0,0,0,0,0.14433756,0,0,0,0,0,0,0,0,0,0,0,0,0,0,0,0,0,0,0,0,0,0,0,-0.14433756,0,0,0,0,0,0,0,-0.14433756,0,0,0,0,0,0,0,0,0,0,0,0,-0.72168785,0,0,0,0,0,0,0,0,0,0,0,0,0,0,0,0,0,0,0,0,0,0,0,0,0,0,-0.14433756,0,0,0,0,0,0,0,0,0,0,0,0,0,0,0,0,0,-0.28867513,0,0,0,0,0,0,0,0,0,0,0,0,0,0,-0.14433756,-0.14433756,0,0,0,0,0,0,0,0,0,0,0,0,0,0,0,-0.14433756,0,0,0,0,0,0,0,0,0.4330127,0,0,0,-0.14433756,0,0,0,0,0,0,0,0,0,0,0,0,0,0,0,0,0,0,0,0,0,0,0,0,0,0,0,0,0,0,0,0,0,0,0,0,0,0,0,0,0,0,0,0,0,0,0,0,0,0,0,0,0,0,0,0,0,0,0,0,-0.14433756,0,0,0,0,0,0,0,0,0]"
3b4525df-96b2-49d5-9ac4-796ef88dc56f,payments,ITPP,ITPP-C14,090e4c1fa11b9699183d2cba2adb48225b30a4c90ee8ab299ba686b32b327f6e,"[0,0,0,0,0,0,0,0,0,0,0,0,0,0,0,0,0,0,0,0,0,0,0,0,0.145865,0,0,0,0,0,0,0,0,0,0,0,0,0,0,0,0,0,0,0,0,0,0,0,0,0,0.145865,0,0,0,0,0,0,0,0,0,0,0,0,0,0,0,0,0,0,0,0,0,0,0,-0.145865,0,0,0,0,0,0,0,-0.145865,0,0,0,0,0,0,0,0,0,0,0,0,-0.72932494,0,0,0,0,0,0,0,0,0,0,0,0,0,0,0,0,0,0,0.43759498,0,0,0,0,0,0,0,-0.145865,0,0,0,0,0,0,0,0,0,0,0,0,0,0,0,0,0,-0.29173,0,0,0,0,0,0,0,0,0,0,0,0,0,0,-0.145865,-0.145865,0,0,0,0,0,0,0,0,0,0,0,0,0,0,0,-0.145865,0,0,0,0,0,0,0,0,0,0,0,0,0,0,0,0,0,0,0,0,0,0,0,0,0,0,0,0,0,0,0,0,0,0,0,0,0,0,0,0,0,0,0,0,0,0,0,0,0,0,0,0,0,0,0,0,0,0,0,0,0,0,0,0,0,0,0,0,0,0,0,0,0,-0.145865,0,0,0,0,0,0,0,0,0]"
aa3bbce6-5a95-4004-abb5-75d3c0716ef5,payments,C-SITE,CSITE-C11,a7bf2e116ca3a025b342aaabe71a8db6df1a64d75055cb81277f35e5e261be56,"[0,0,0,0,-0.32879797,0,0,0,0,0,0,0,0,0,0,0,0,0,0,0,0,0,0,0,0.16439898,0,0,0,0,0,0,0,0,0,0,0,0,0,0,0,0,0,0,0,0,0,0,0,0,0,0.16439898,0,0,0,0,0,0,0,0,0,0,0,0,0,0,0,0,0,0,0,0,0,0,0,-0.16439898,0,0,0,0,0,0,0,-0.16439898,0,0,0,0,0,0,0,0,0,0,0,0,0,0,0,0,0,0,0,0,0,0,0,0,0,0,0,0,0,0,0,0,0,0,0,0,0,0,0,-0.16439898,0,0,0,0,0,0,0,0,0,0,0,0,0,0,0,0,0,-0.32879797,0,0,0,0,0,0,0,0,0,0,0,0,0,0,-0.16439898,-0.16439898,0,0,-0.16439898,0,0,0,0,0,0,0,0,0,0,0,0,-0.16439898,0,0,0,0,0,0,-0.16439898,0,0,0,0,0.49319696,0,0,0,0,0,0,0,0,0,0,0,0,0,0,0,0,0,0,0,0,0,0,0,0,0,0,0,0,0,0,0,0,0,0,0,0,0,0,0,0,0,0,0,0,0,0,0,0,0,0,0,0,0,0,0,0,0,0,0,0,0,-0.16439898,0,0,-0.49319696,0,0,0,0,0,0]"
59a6a119-815f-4164-93cc-cb3706616ebb,payments,DB Baselining,ASX-001,b9d0b17962d6f1f7ac3ce5c9f7768a5e60f1f4b011ea9b8eea8b380dabce7383,"[0,0,0,0,0,0,0.40451992,0,0,0,0,0,0,0,0,0,0,0,0,0,0,0,0,0,0,0,0,0,0,0,0,0,0,0,0,0,0,0.13483997,-0.13483997,0,0,0,0,0,0,0,0,0,0.26967993,0,0.13483997,0,0,0,0,0,0,0.13483997,0,0,0,0,0,0,0,0,0,0,0,0,0,0,0,0,-0.13483997,0,0,0,0,0,0,0,-0.13483997,0,0,0,0,0,0,0,0,0,0.13483997,0,0.13483997,0,0,0,0,0,0,-0.13483997,0,0,0,0,0,-0.40451992,0,0,0,0,0,0.13483997,0,0,0,0,0,0,0,0,0,0,0,0,0,-0.13483997,0,0,0,0,0,0,0.13483997,0,0,0,0,-0.13483997,0,0,0,0,0,0,0,0,0,0,0,0,0,0,0,0,0,0,0,0,0,0,0,0,0.13483997,0,0,0,0,0,0,0,-0.13483997,0.13483997,0,0,0,0,0,0,0,0,0,0,0,0,0,0,0,0,0,0,0,0.13483997,0,0,0,0,0,0,0,0,0,0,0,-0.13483997,0,0,0,0,0,0,0,0,0,0,0,0,0,0,0,0,0,0,0.13483997,0,0,0,0,0,0,-0.40451992,0,0,-0.13483997,0,0,0,0,0,-0.13483997,0,0,0.13483997,0,0,-0.13483997,0,0,0,0,0,0,-0.13483997,0,0]"
182471e7-171a-4a18-95c8-87d6fa95bbec,payments,DB Baselining,ASX-002,5ecaa9cb8e61740a9789dd082775883904d0baa9a408dc101310b98324ebe0e6,"[0,0,0,0,0,0,0.4082483,0,0,0,0,0,0,0,0,0,0,0,0,0,0,0,0,0,0,0,0,0,0,0,0,0,0,0,0,0,0,0.13608277,-0.13608277,0,0,0,0,0,0,0,0,0,0.27216554,0,0.13608277,0,0,0,0,0,0,0.13608277,0,0,0,0,0,0,0,0,0,0,0,0,0,0,0,0,-0.13608277,0,0,0,0,0,0,0,-0.13608277,0,0,0,0,0,0,0,0,0,0,0,0.13608277,0,0,0,0,0,0,-0.13608277,0,0,0.4082483,0,0,0,0,0,0,0,0,0.13608277,0,0,0,0,0,0,0,0,0,0,0,0,0,-0.13608277,0,0,0,0,0,0,0,0,0,0,0,-0.13608277,0,0,0,0,0,0,0,0,0,0,0,0,0.13608277,0,0,0,0,0,0,0,0,0,0,0,0.13608277,0,0,0,0,0,0,0,-0.13608277,0.13608277,0,0,0,0,0,0.13608277,0,0,0,0,0,0,0,0,0,0,0,0,0,0.13608277,0,0,0,0,0,0,0,0,0,0,0,0,0,0,0,0,0,0,0,0,0,0,0,0,0,0,0,0,0,0,0.13608277,0,0,0,0,0,0,-0.4082483,0,0,-0.13608277,0,0,0,0,0,-0.13608277,0.13608277,0,0,0,0,-0.13608277,0,0,0,0,0,0,-0.13608277,0,0]"
